Cement,Blast_Furnace_Slag,Fly_Ash,Water,Superplasticizer,Coarse_Aggregate,Fine_Aggregate,Age,Predicted_Compressive_Strength
540.0,0.0,0.0,,2.5,1040.0,676.0,28,83.07316
,0.0,0.0,162.0,2.5,1055.0,676.0,28,63.40967
,142.5,0.0,228.0,0.0,932.0,594.0,270,39.606636
332.5,142.5,0.0,228.0,0.0,932.0,594.0,365,42.055458
198.6,132.4,0.0,192.0,0.0,978.4,825.5,360,43.0562
266.0,114.0,0.0,228.0,0.0,932.0,670.0,90,50.33763
380.0,95.0,0.0,228.0,0.0,932.0,594.0,365,45.015583
380.0,95.0,0.0,228.0,0.0,932.0,594.0,28,38.02442
266.0,114.0,0.0,228.0,0.0,932.0,670.0,28,40.857746
475.0,0.0,0.0,228.0,0.0,932.0,594.0,28,39.575523
198.6,132.4,0.0,192.0,0.0,978.4,825.5,90,39.32724
198.6,132.4,0.0,192.0,0.0,978.4,825.5,28,30.094912
427.5,47.5,0.0,228.0,0.0,932.0,594.0,270,41.954594
190.0,190.0,0.0,228.0,0.0,932.0,670.0,90,48.59211
304.0,76.0,0.0,228.0,0.0,932.0,670.0,28,43.070797
380.0,0.0,0.0,228.0,0.0,932.0,670.0,90,49.642025
139.6,209.4,0.0,192.0,0.0,1047.0,806.9,90,38.912876
342.0,38.0,0.0,228.0,0.0,932.0,670.0,365,56.542023
380.0,95.0,0.0,228.0,0.0,932.0,594.0,90,40.31667
475.0,0.0,0.0,228.0,0.0,932.0,594.0,180,43.77032
427.5,47.5,0.0,228.0,0.0,932.0,594.0,180,41.0089
139.6,209.4,0.0,192.0,0.0,1047.0,806.9,28,28.024733
139.6,209.4,0.0,192.0,0.0,1047.0,806.9,3,9.344962
139.6,209.4,0.0,192.0,0.0,1047.0,806.9,180,45.049618
380.0,0.0,0.0,228.0,0.0,932.0,670.0,365,52.320126
380.0,0.0,0.0,228.0,0.0,932.0,670.0,270,50.46944
380.0,95.0,0.0,228.0,0.0,932.0,594.0,270,43.164898
342.0,38.0,0.0,228.0,0.0,932.0,670.0,180,53.745644
427.5,47.5,0.0,228.0,0.0,932.0,594.0,28,36.81411
475.0,0.0,0.0,228.0,0.0,932.0,594.0,7,38.94565
304.0,76.0,0.0,228.0,0.0,932.0,670.0,365,55.9032
266.0,114.0,0.0,228.0,0.0,932.0,670.0,365,53.01573
198.6,132.4,0.0,192.0,0.0,978.4,825.5,180,42.110504
475.0,0.0,0.0,228.0,0.0,932.0,594.0,270,44.716015
190.0,190.0,0.0,228.0,0.0,932.0,670.0,365,51.270218
237.5,237.5,0.0,228.0,0.0,932.0,594.0,270,37.097176
237.5,237.5,0.0,228.0,0.0,932.0,594.0,28,29.412422
332.5,142.5,0.0,228.0,0.0,932.0,594.0,90,37.356544
475.0,0.0,0.0,228.0,0.0,932.0,594.0,90,41.86778
237.5,237.5,0.0,228.0,0.0,932.0,594.0,180,36.15149
342.0,38.0,0.0,228.0,0.0,932.0,670.0,90,53.863914
427.5,47.5,0.0,228.0,0.0,932.0,594.0,365,43.80528
237.5,237.5,0.0,228.0,0.0,932.0,594.0,365,38.94786
380.0,0.0,0.0,228.0,0.0,932.0,670.0,180,49.523746
427.5,47.5,0.0,228.0,0.0,932.0,594.0,90,39.106365
427.5,47.5,0.0,228.0,0.0,932.0,594.0,7,36.65822
349.0,0.0,0.0,192.0,0.0,1047.0,806.9,3,14.691314
380.0,95.0,0.0,228.0,0.0,932.0,594.0,180,42.21921
237.5,237.5,0.0,228.0,0.0,932.0,594.0,7,26.897297
380.0,95.0,0.0,228.0,0.0,932.0,594.0,7,32.82083
332.5,142.5,0.0,228.0,0.0,932.0,594.0,180,39.259087
190.0,190.0,0.0,228.0,0.0,932.0,670.0,180,48.47384
237.5,237.5,0.0,228.0,0.0,932.0,594.0,90,34.248947
304.0,76.0,0.0,228.0,0.0,932.0,670.0,90,53.225098
139.6,209.4,0.0,192.0,0.0,1047.0,806.9,7,15.301724
198.6,132.4,0.0,192.0,0.0,978.4,825.5,7,14.489559
475.0,0.0,0.0,228.0,0.0,932.0,594.0,365,46.5667
198.6,132.4,0.0,192.0,0.0,978.4,825.5,3,10.328407
304.0,76.0,0.0,228.0,0.0,932.0,670.0,180,53.10682
332.5,142.5,0.0,228.0,0.0,932.0,594.0,28,35.680336
304.0,76.0,0.0,228.0,0.0,932.0,670.0,270,54.052513
266.0,114.0,0.0,228.0,0.0,932.0,670.0,270,51.165047
310.0,0.0,0.0,192.0,0.0,971.0,850.6,3,11.029017
190.0,190.0,0.0,228.0,0.0,932.0,670.0,270,49.419533
266.0,114.0,0.0,228.0,0.0,932.0,670.0,180,50.219353
342.0,38.0,0.0,228.0,0.0,932.0,670.0,270,54.691338
139.6,209.4,0.0,192.0,0.0,1047.0,806.9,360,45.995304
332.5,142.5,0.0,228.0,0.0,932.0,594.0,7,27.991686
190.0,190.0,0.0,228.0,0.0,932.0,670.0,28,39.89287
485.0,0.0,0.0,146.0,0.0,1120.0,800.0,28,71.741425
374.0,189.2,0.0,170.1,10.1,926.1,756.7,3,27.853834
313.3,262.2,0.0,175.5,8.6,1046.9,611.8,3,28.54799
425.0,106.3,0.0,153.5,16.5,852.1,887.1,3,33.203922
425.0,106.3,0.0,151.4,18.6,936.0,803.7,3,32.58492
375.0,93.8,0.0,126.6,23.4,852.1,992.6,3,30.669582
475.0,118.8,0.0,181.1,8.9,852.1,781.5,3,38.98029
469.0,117.2,0.0,137.8,32.2,852.1,840.5,3,39.767944
425.0,106.3,0.0,153.5,16.5,852.1,887.1,3,33.203922
388.6,97.1,0.0,157.9,12.1,852.1,925.7,3,27.627682
531.3,0.0,0.0,141.8,28.2,852.1,893.7,3,39.828667
425.0,106.3,0.0,153.5,16.5,852.1,887.1,3,33.203922
318.8,212.5,0.0,155.7,14.3,852.1,880.4,3,21.6387
401.8,94.7,0.0,147.4,11.4,946.8,852.1,3,39.753643
362.6,189.0,0.0,164.9,11.6,944.7,755.8,3,37.070988
323.7,282.8,0.0,183.8,10.3,942.7,659.9,3,31.45902
379.5,151.2,0.0,153.9,15.9,1134.3,605.0,3,32.903515
362.6,189.0,0.0,164.9,11.6,944.7,755.8,3,37.070988
286.3,200.9,0.0,144.7,11.2,1004.6,803.7,3,25.97668
362.6,189.0,0.0,164.9,11.6,944.7,755.8,3,37.070988
439.0,177.0,0.0,186.0,11.1,884.9,707.9,3,40.977345
389.9,189.0,0.0,145.9,22.0,944.7,755.8,3,41.492085
362.6,189.0,0.0,164.9,11.6,944.7,755.8,3,37.070988
337.9,189.0,0.0,174.9,9.5,944.7,755.8,3,21.872616
374.0,189.2,0.0,170.1,10.1,926.1,756.7,7,44.62076
313.3,262.2,0.0,175.5,8.6,1046.9,611.8,7,42.467598
425.0,106.3,0.0,153.5,16.5,852.1,887.1,7,49.48435
425.0,106.3,0.0,151.4,18.6,936.0,803.7,7,48.865345
375.0,93.8,0.0,126.6,23.4,852.1,992.6,7,40.404358
475.0,118.8,0.0,181.1,8.9,852.1,781.5,7,53.14655
469.0,117.2,0.0,137.8,32.2,852.1,840.5,7,54.638596
425.0,106.3,0.0,153.5,16.5,852.1,887.1,7,49.48435
388.6,97.1,0.0,157.9,12.1,852.1,925.7,7,40.1936
531.3,0.0,0.0,141.8,28.2,852.1,893.7,7,47.039413
425.0,106.3,0.0,153.5,16.5,852.1,887.1,7,49.48435
318.8,212.5,0.0,155.7,14.3,852.1,880.4,7,36.281384
401.8,94.7,0.0,147.4,11.4,946.8,852.1,7,55.788845
362.6,189.0,0.0,164.9,11.6,944.7,755.8,7,53.24898
323.7,282.8,0.0,183.8,10.3,942.7,659.9,7,50.271305
379.5,151.2,0.0,153.9,15.9,1134.3,605.0,7,44.339066
362.6,189.0,0.0,164.9,11.6,944.7,755.8,7,53.24898
286.3,200.9,0.0,144.7,11.2,1004.6,803.7,7,37.335285
362.6,189.0,0.0,164.9,11.6,944.7,755.8,7,53.24898
439.0,177.0,0.0,186.0,11.1,884.9,707.9,7,55.62591
389.9,189.0,0.0,145.9,22.0,944.7,755.8,7,60.613514
362.6,189.0,0.0,164.9,11.6,944.7,755.8,7,53.24898
337.9,189.0,0.0,174.9,9.5,944.7,755.8,7,37.370052
374.0,189.2,0.0,170.1,10.1,926.1,756.7,28,60.214916
313.3,262.2,0.0,175.5,8.6,1046.9,611.8,28,53.86634
425.0,106.3,0.0,153.5,16.5,852.1,887.1,28,61.622517
425.0,106.3,0.0,151.4,18.6,936.0,803.7,28,61.003513
375.0,93.8,0.0,126.6,23.4,852.1,992.6,28,56.266136
475.0,118.8,0.0,181.1,8.9,852.1,781.5,28,64.6106
469.0,117.2,0.0,137.8,32.2,852.1,840.5,28,66.6141
425.0,106.3,0.0,153.5,16.5,852.1,887.1,28,61.622517
388.6,97.1,0.0,157.9,12.1,852.1,925.7,28,56.4304
531.3,0.0,0.0,141.8,28.2,852.1,893.7,28,61.66118
425.0,106.3,0.0,153.5,16.5,852.1,887.1,28,61.622517
318.8,212.5,0.0,155.7,14.3,852.1,880.4,28,55.187496
401.8,94.7,0.0,147.4,11.4,946.8,852.1,28,68.880066
362.6,189.0,0.0,164.9,11.6,944.7,755.8,28,68.84311
323.7,282.8,0.0,183.8,10.3,942.7,659.9,28,70.29232
379.5,151.2,0.0,153.9,15.9,1134.3,605.0,28,53.793945
362.6,189.0,0.0,164.9,11.6,944.7,755.8,28,68.84311
286.3,200.9,0.0,144.7,11.2,1004.6,803.7,28,57.236103
362.6,189.0,0.0,164.9,11.6,944.7,755.8,28,68.84311
439.0,177.0,0.0,186.0,11.1,884.9,707.9,28,64.17179
389.9,189.0,0.0,145.9,22.0,944.7,755.8,28,73.393394
362.6,189.0,0.0,164.9,11.6,944.7,755.8,28,68.84311
337.9,189.0,0.0,174.9,9.5,944.7,755.8,28,53.897167
374.0,189.2,0.0,170.1,10.1,926.1,756.7,56,67.37935
313.3,262.2,0.0,175.5,8.6,1046.9,611.8,56,64.90556
425.0,106.3,0.0,153.5,16.5,852.1,887.1,56,64.198265
425.0,106.3,0.0,151.4,18.6,936.0,803.7,56,65.24065
375.0,93.8,0.0,126.6,23.4,852.1,992.6,56,59.66416
475.0,118.8,0.0,181.1,8.9,852.1,781.5,56,70.851715
469.0,117.2,0.0,137.8,32.2,852.1,840.5,56,70.11188
425.0,106.3,0.0,153.5,16.5,852.1,887.1,56,64.198265
388.6,97.1,0.0,157.9,12.1,852.1,925.7,56,57.278744
531.3,0.0,0.0,141.8,28.2,852.1,893.7,56,62.425385
425.0,106.3,0.0,153.5,16.5,852.1,887.1,56,64.198265
318.8,212.5,0.0,155.7,14.3,852.1,880.4,56,63.32555
401.8,94.7,0.0,147.4,11.4,946.8,852.1,56,73.11722
362.6,189.0,0.0,164.9,11.6,944.7,755.8,56,78.30857
323.7,282.8,0.0,183.8,10.3,942.7,659.9,56,80.96615
379.5,151.2,0.0,153.9,15.9,1134.3,605.0,56,53.819107
362.6,189.0,0.0,164.9,11.6,944.7,755.8,56,78.30857
286.3,200.9,0.0,144.7,11.2,1004.6,803.7,56,70.158195
362.6,189.0,0.0,164.9,11.6,944.7,755.8,56,78.30857
439.0,177.0,0.0,186.0,11.1,884.9,707.9,56,73.33462
389.9,189.0,0.0,145.9,22.0,944.7,755.8,56,80.67912
362.6,189.0,0.0,164.9,11.6,944.7,755.8,56,78.30857
337.9,189.0,0.0,174.9,9.5,944.7,755.8,56,63.728
374.0,189.2,0.0,170.1,10.1,926.1,756.7,91,68.390884
313.3,262.2,0.0,175.5,8.6,1046.9,611.8,91,65.84543
425.0,106.3,0.0,153.5,16.5,852.1,887.1,91,65.08933
425.0,106.3,0.0,151.4,18.6,936.0,803.7,91,67.9337
375.0,93.8,0.0,126.6,23.4,852.1,992.6,91,61.21489
475.0,118.8,0.0,181.1,8.9,852.1,781.5,91,73.54477
469.0,117.2,0.0,137.8,32.2,852.1,840.5,91,71.94497
425.0,106.3,0.0,153.5,16.5,852.1,887.1,91,65.08933
388.6,97.1,0.0,157.9,12.1,852.1,925.7,91,58.16985
531.3,0.0,0.0,141.8,28.2,852.1,893.7,91,62.45652
425.0,106.3,0.0,153.5,16.5,852.1,887.1,91,65.08933
318.8,212.5,0.0,155.7,14.3,852.1,880.4,91,63.33814
401.8,94.7,0.0,147.4,11.4,946.8,852.1,91,75.81027
362.6,189.0,0.0,164.9,11.6,944.7,755.8,91,79.32011
379.5,151.2,0.0,153.9,15.9,1134.3,605.0,91,55.738937
362.6,189.0,0.0,164.9,11.6,944.7,755.8,91,79.32011
286.3,200.9,0.0,144.7,11.2,1004.6,803.7,91,71.82936
362.6,189.0,0.0,164.9,11.6,944.7,755.8,91,79.32011
439.0,177.0,0.0,186.0,11.1,884.9,707.9,91,75.55498
389.9,189.0,0.0,145.9,22.0,944.7,755.8,91,82.35029
362.6,189.0,0.0,164.9,11.6,944.7,755.8,91,79.32011
337.9,189.0,0.0,174.9,9.5,944.7,755.8,91,64.73954
222.4,0.0,96.7,189.3,4.5,967.1,870.3,3,12.26039
222.4,0.0,96.7,189.3,4.5,967.1,870.3,14,21.496866
222.4,0.0,96.7,189.3,4.5,967.1,870.3,28,26.61286
222.4,0.0,96.7,189.3,4.5,967.1,870.3,56,34.57847
222.4,0.0,96.7,189.3,4.5,967.1,870.3,100,37.240204
233.8,0.0,94.6,197.9,4.6,947.0,852.2,3,8.318006
233.8,0.0,94.6,197.9,4.6,947.0,852.2,14,19.78106
233.8,0.0,94.6,197.9,4.6,947.0,852.2,28,24.897053
233.8,0.0,94.6,197.9,4.6,947.0,852.2,56,30.13247
233.8,0.0,94.6,197.9,4.6,947.0,852.2,100,33.155365
194.7,0.0,100.5,165.6,7.5,1006.4,905.9,3,12.780889
194.7,0.0,100.5,165.6,7.5,1006.4,905.9,14,23.430786
194.7,0.0,100.5,165.6,7.5,1006.4,905.9,28,29.336147
194.7,0.0,100.5,165.6,7.5,1006.4,905.9,56,35.534393
194.7,0.0,100.5,165.6,7.5,1006.4,905.9,100,37.986145
190.7,0.0,125.4,162.1,7.8,1090.0,804.0,3,14.340662
190.7,0.0,125.4,162.1,7.8,1090.0,804.0,14,26.004974
190.7,0.0,125.4,162.1,7.8,1090.0,804.0,28,30.634544
190.7,0.0,125.4,162.1,7.8,1090.0,804.0,56,36.32821
190.7,0.0,125.4,162.1,7.8,1090.0,804.0,100,40.58191
212.1,0.0,121.6,180.3,5.7,1057.6,779.3,3,10.344177
212.1,0.0,121.6,180.3,5.7,1057.6,779.3,14,20.687164
212.1,0.0,121.6,180.3,5.7,1057.6,779.3,28,27.641644
212.1,0.0,121.6,180.3,5.7,1057.6,779.3,56,36.722702
212.1,0.0,121.6,180.3,5.7,1057.6,779.3,100,39.977554
230.0,0.0,118.3,195.5,4.6,1029.4,758.6,3,9.873439
230.0,0.0,118.3,195.5,4.6,1029.4,758.6,14,20.23638
230.0,0.0,118.3,195.5,4.6,1029.4,758.6,28,25.35237
230.0,0.0,118.3,195.5,4.6,1029.4,758.6,56,32.855
230.0,0.0,118.3,195.5,4.6,1029.4,758.6,100,35.07488
190.3,0.0,125.2,161.9,9.9,1088.1,802.6,3,11.660141
190.3,0.0,125.2,161.9,9.9,1088.1,802.6,14,20.625883
190.3,0.0,125.2,161.9,9.9,1088.1,802.6,28,25.255453
190.3,0.0,125.2,161.9,9.9,1088.1,802.6,56,36.647324
190.3,0.0,125.2,161.9,9.9,1088.1,802.6,100,40.901016
166.1,0.0,163.3,176.5,4.5,1058.6,780.1,3,8.328262
166.1,0.0,163.3,176.5,4.5,1058.6,780.1,14,18.866661
166.1,0.0,163.3,176.5,4.5,1058.6,780.1,28,24.491932
166.1,0.0,163.3,176.5,4.5,1058.6,780.1,56,33.068398
166.1,0.0,163.3,176.5,4.5,1058.6,780.1,100,36.323257
168.0,42.1,163.8,121.8,5.7,1058.7,780.1,3,6.606921
168.0,42.1,163.8,121.8,5.7,1058.7,780.1,14,17.949844
168.0,42.1,163.8,121.8,5.7,1058.7,780.1,28,27.40806
168.0,42.1,163.8,121.8,5.7,1058.7,780.1,56,36.697388
168.0,42.1,163.8,121.8,5.7,1058.7,780.1,100,37.918224
213.7,98.1,24.5,181.7,6.9,1065.8,785.4,3,17.576982
213.7,98.1,24.5,181.7,6.9,1065.8,785.4,14,34.4329
213.7,98.1,24.5,181.7,6.9,1065.8,785.4,28,43.65764
213.7,98.1,24.5,181.7,6.9,1065.8,785.4,56,49.761986
213.7,98.1,24.5,181.7,6.9,1065.8,785.4,100,54.015686
213.8,98.1,24.5,181.7,6.7,1066.0,785.5,3,13.694049
213.8,98.1,24.5,181.7,6.7,1066.0,785.5,14,24.408257
213.8,98.1,24.5,181.7,6.7,1066.0,785.5,28,33.633003
213.8,98.1,24.5,181.7,6.7,1066.0,785.5,56,41.55632
213.8,98.1,24.5,181.7,6.7,1066.0,785.5,100,45.810017
229.7,0.0,118.2,195.2,6.1,1028.1,757.6,3,10.594085
229.7,0.0,118.2,195.2,6.1,1028.1,757.6,14,20.957022
229.7,0.0,118.2,195.2,6.1,1028.1,757.6,28,26.862383
229.7,0.0,118.2,195.2,6.1,1028.1,757.6,56,34.36501
229.7,0.0,118.2,195.2,6.1,1028.1,757.6,100,37.58373
238.1,0.0,94.1,186.7,7.0,949.9,847.0,3,12.782674
238.1,0.0,94.1,186.7,7.0,949.9,847.0,14,24.245722
238.1,0.0,94.1,186.7,7.0,949.9,847.0,28,30.151083
238.1,0.0,94.1,186.7,7.0,949.9,847.0,56,38.116703
238.1,0.0,94.1,186.7,7.0,949.9,847.0,100,44.382236
250.0,0.0,95.7,187.4,5.5,956.9,861.2,3,12.694068
250.0,0.0,95.7,187.4,5.5,956.9,861.2,14,24.15711
250.0,0.0,95.7,187.4,5.5,956.9,861.2,28,30.062479
250.0,0.0,95.7,187.4,5.5,956.9,861.2,56,38.02809
250.0,0.0,95.7,187.4,5.5,956.9,861.2,100,43.294785
212.5,0.0,100.4,159.3,8.7,1007.8,903.6,3,16.462534
212.5,0.0,100.4,159.3,8.7,1007.8,903.6,14,24.354897
212.5,0.0,100.4,159.3,8.7,1007.8,903.6,28,31.057209
212.5,0.0,100.4,159.3,8.7,1007.8,903.6,56,42.33555
212.5,0.0,100.4,159.3,8.7,1007.8,903.6,100,44.7873
212.6,0.0,100.4,159.4,10.4,1003.8,903.8,3,15.131099
212.6,0.0,100.4,159.4,10.4,1003.8,903.8,14,27.32873
212.6,0.0,100.4,159.4,10.4,1003.8,903.8,28,34.03103
212.6,0.0,100.4,159.4,10.4,1003.8,903.8,56,45.290977
212.6,0.0,100.4,159.4,10.4,1003.8,903.8,100,47.74273
212.0,0.0,124.8,159.0,7.8,1085.4,799.5,3,19.52906
212.0,0.0,124.8,159.0,7.8,1085.4,799.5,14,32.351418
212.0,0.0,124.8,159.0,7.8,1085.4,799.5,28,38.661003
212.0,0.0,124.8,159.0,7.8,1085.4,799.5,56,43.3712
212.0,0.0,124.8,159.0,7.8,1085.4,799.5,100,47.624893
231.8,0.0,121.6,174.0,6.7,1056.4,778.5,3,14.557175
231.8,0.0,121.6,174.0,6.7,1056.4,778.5,14,29.482513
231.8,0.0,121.6,174.0,6.7,1056.4,778.5,28,36.43698
231.8,0.0,121.6,174.0,6.7,1056.4,778.5,56,42.635246
231.8,0.0,121.6,174.0,6.7,1056.4,778.5,100,46.888947
251.4,0.0,118.3,188.5,5.8,1028.4,757.7,3,14.065677
251.4,0.0,118.3,188.5,5.8,1028.4,757.7,14,25.307142
251.4,0.0,118.3,188.5,5.8,1028.4,757.7,28,31.212507
251.4,0.0,118.3,188.5,5.8,1028.4,757.7,56,38.888775
251.4,0.0,118.3,188.5,5.8,1028.4,757.7,100,43.35245
251.4,0.0,118.3,188.5,6.4,1028.4,757.7,3,14.002708
251.4,0.0,118.3,188.5,6.4,1028.4,757.7,14,25.244173
251.4,0.0,118.3,188.5,6.4,1028.4,757.7,28,31.149538
251.4,0.0,118.3,188.5,6.4,1028.4,757.7,56,38.825806
251.4,0.0,118.3,188.5,6.4,1028.4,757.7,100,44.288322
181.4,0.0,167.0,169.6,7.6,1055.6,777.8,3,11.810501
181.4,0.0,167.0,169.6,7.6,1055.6,777.8,14,22.975079
181.4,0.0,167.0,169.6,7.6,1055.6,777.8,28,29.929558
181.4,0.0,167.0,169.6,7.6,1055.6,777.8,56,37.147762
181.4,0.0,167.0,169.6,7.6,1055.6,777.8,100,41.401463
182.0,45.2,122.0,170.2,8.2,1059.4,780.7,3,7.4106107
182.0,45.2,122.0,170.2,8.2,1059.4,780.7,14,23.332779
182.0,45.2,122.0,170.2,8.2,1059.4,780.7,28,30.407024
182.0,45.2,122.0,170.2,8.2,1059.4,780.7,56,44.193718
182.0,45.2,122.0,170.2,8.2,1059.4,780.7,100,48.44742
168.9,42.2,124.3,158.3,10.8,1080.8,796.2,3,9.668989
168.9,42.2,124.3,158.3,10.8,1080.8,796.2,14,21.161924
168.9,42.2,124.3,158.3,10.8,1080.8,796.2,28,29.752844
168.9,42.2,124.3,158.3,10.8,1080.8,796.2,56,42.19069
168.9,42.2,124.3,158.3,10.8,1080.8,796.2,100,46.44439
290.4,0.0,96.2,168.1,9.4,961.2,865.0,3,19.339499
290.4,0.0,96.2,168.1,9.4,961.2,865.0,14,34.718716
290.4,0.0,96.2,168.1,9.4,961.2,865.0,28,40.624073
290.4,0.0,96.2,168.1,9.4,961.2,865.0,56,44.180645
290.4,0.0,96.2,168.1,9.4,961.2,865.0,100,48.906628
277.1,0.0,97.4,160.6,11.8,973.9,875.6,3,25.248577
277.1,0.0,97.4,160.6,11.8,973.9,875.6,14,41.063023
277.1,0.0,97.4,160.6,11.8,973.9,875.6,28,46.629818
277.1,0.0,97.4,160.6,11.8,973.9,875.6,56,49.82101
277.1,0.0,97.4,160.6,11.8,973.9,875.6,100,53.74399
295.7,0.0,95.6,171.5,8.9,955.1,859.2,3,21.41533
295.7,0.0,95.6,171.5,8.9,955.1,859.2,14,36.27402
295.7,0.0,95.6,171.5,8.9,955.1,859.2,28,42.17938
295.7,0.0,95.6,171.5,8.9,955.1,859.2,56,45.73595
295.7,0.0,95.6,171.5,8.9,955.1,859.2,100,52.26388
251.8,0.0,99.9,146.1,12.4,1006.0,899.8,3,17.606785
251.8,0.0,99.9,146.1,12.4,1006.0,899.8,14,27.968267
251.8,0.0,99.9,146.1,12.4,1006.0,899.8,28,35.53716
251.8,0.0,99.9,146.1,12.4,1006.0,899.8,56,46.45013
251.8,0.0,99.9,146.1,12.4,1006.0,899.8,100,46.86786
249.1,0.0,98.8,158.1,12.8,987.8,889.0,3,15.371902
249.1,0.0,98.8,158.1,12.8,987.8,889.0,14,27.929321
249.1,0.0,98.8,158.1,12.8,987.8,889.0,28,34.631626
249.1,0.0,98.8,158.1,12.8,987.8,889.0,56,45.544605
249.1,0.0,98.8,158.1,12.8,987.8,889.0,100,47.99635
252.3,0.0,98.8,146.3,14.2,987.8,889.0,3,25.521112
252.3,0.0,98.8,146.3,14.2,987.8,889.0,14,38.96384
252.3,0.0,98.8,146.3,14.2,987.8,889.0,28,46.532734
252.3,0.0,98.8,146.3,14.2,987.8,889.0,56,57.445713
252.3,0.0,98.8,146.3,14.2,987.8,889.0,100,58.13332
246.8,0.0,125.1,143.3,12.0,1086.8,800.9,3,25.13741
246.8,0.0,125.1,143.3,12.0,1086.8,800.9,14,41.657967
246.8,0.0,125.1,143.3,12.0,1086.8,800.9,28,50.923553
246.8,0.0,125.1,143.3,12.0,1086.8,800.9,56,61.331932
246.8,0.0,125.1,143.3,12.0,1086.8,800.9,100,66.18896
275.1,0.0,121.4,159.5,9.9,1053.6,777.5,3,25.077492
275.1,0.0,121.4,159.5,9.9,1053.6,777.5,14,41.728317
275.1,0.0,121.4,159.5,9.9,1053.6,777.5,28,49.227295
275.1,0.0,121.4,159.5,9.9,1053.6,777.5,56,52.418488
275.1,0.0,121.4,159.5,9.9,1053.6,777.5,100,58.143417
297.2,0.0,117.5,174.8,9.5,1022.8,753.5,3,26.006252
297.2,0.0,117.5,174.8,9.5,1022.8,753.5,14,39.31858
297.2,0.0,117.5,174.8,9.5,1022.8,753.5,28,45.223946
297.2,0.0,117.5,174.8,9.5,1022.8,753.5,56,48.780518
297.2,0.0,117.5,174.8,9.5,1022.8,753.5,100,54.50544
213.7,0.0,174.7,154.8,10.2,1053.5,776.4,3,16.143463
213.7,0.0,174.7,154.8,10.2,1053.5,776.4,14,27.984861
213.7,0.0,174.7,154.8,10.2,1053.5,776.4,28,37.43867
213.7,0.0,174.7,154.8,10.2,1053.5,776.4,56,48.351643
213.7,0.0,174.7,154.8,10.2,1053.5,776.4,100,52.605335
213.5,0.0,174.2,154.6,11.7,1052.3,775.5,3,20.160498
213.5,0.0,174.2,154.6,11.7,1052.3,775.5,14,33.18842
213.5,0.0,174.2,154.6,11.7,1052.3,775.5,28,42.642223
213.5,0.0,174.2,154.6,11.7,1052.3,775.5,56,53.555195
213.5,0.0,174.2,154.6,11.7,1052.3,775.5,100,57.808895
277.2,97.8,24.5,160.7,11.2,1061.7,782.5,3,27.503735
277.2,97.8,24.5,160.7,11.2,1061.7,782.5,14,49.433968
277.2,97.8,24.5,160.7,11.2,1061.7,782.5,28,59.203217
277.2,97.8,24.5,160.7,11.2,1061.7,782.5,56,64.42384
277.2,97.8,24.5,160.7,11.2,1061.7,782.5,100,70.14876
218.2,54.6,123.8,140.8,11.9,1075.7,792.7,3,26.54467
218.2,54.6,123.8,140.8,11.9,1075.7,792.7,14,40.69256
218.2,54.6,123.8,140.8,11.9,1075.7,792.7,28,52.19957
218.2,54.6,123.8,140.8,11.9,1075.7,792.7,56,61.45021
218.2,54.6,123.8,140.8,11.9,1075.7,792.7,100,63.669888
214.9,53.8,121.9,155.6,9.6,1014.3,780.6,3,18.59906
214.9,53.8,121.9,155.6,9.6,1014.3,780.6,14,37.326324
214.9,53.8,121.9,155.6,9.6,1014.3,780.6,28,46.437904
214.9,53.8,121.9,155.6,9.6,1014.3,780.6,56,56.558517
214.9,53.8,121.9,155.6,9.6,1014.3,780.6,100,60.81221
218.9,0.0,124.1,158.5,11.3,1078.7,794.9,3,14.483923
218.9,0.0,124.1,158.5,11.3,1078.7,794.9,14,26.285833
218.9,0.0,124.1,158.5,11.3,1078.7,794.9,28,32.4199
218.9,0.0,124.1,158.5,11.3,1078.7,794.9,56,42.828278
218.9,0.0,124.1,158.5,11.3,1078.7,794.9,100,47.08197
376.0,0.0,0.0,214.6,0.0,1003.5,762.4,3,16.869131
376.0,0.0,0.0,214.6,0.0,1003.5,762.4,14,24.645393
376.0,0.0,0.0,214.6,0.0,1003.5,762.4,28,33.368626
376.0,0.0,0.0,214.6,0.0,1003.5,762.4,56,34.08125
376.0,0.0,0.0,214.6,0.0,1003.5,762.4,100,36.97556
500.0,0.0,0.0,140.0,4.0,966.0,853.0,28,67.03952
475.0,0.0,59.0,142.0,1.9,1098.0,641.0,28,72.9398
315.0,137.0,0.0,145.0,5.9,1130.0,745.0,28,60.193836
505.0,0.0,60.0,195.0,0.0,1030.0,630.0,28,62.91472
451.0,0.0,0.0,165.0,11.3,1030.0,745.0,28,77.33049
516.0,0.0,0.0,162.0,8.2,801.0,802.0,28,41.159477
520.0,0.0,0.0,170.0,5.2,855.0,855.0,28,58.635048
528.0,0.0,0.0,185.0,6.9,920.0,720.0,28,57.286938
520.0,0.0,0.0,175.0,5.2,870.0,805.0,28,54.29918
385.0,0.0,136.0,158.0,20.0,903.0,768.0,28,53.89111
500.1,0.0,0.0,200.0,3.0,1124.4,613.2,28,44.271084
450.1,50.0,0.0,200.0,3.0,1124.4,613.2,28,44.212673
397.0,17.2,158.0,167.0,20.8,967.0,633.0,28,55.980743
333.0,17.5,163.0,167.0,17.9,996.0,652.0,28,48.099937
334.0,17.6,158.0,189.0,15.3,967.0,633.0,28,42.824417
405.0,0.0,0.0,175.0,0.0,1120.0,695.0,28,48.774853
200.0,200.0,0.0,190.0,0.0,1145.0,660.0,28,35.910362
516.0,0.0,0.0,162.0,8.3,801.0,802.0,28,41.159477
145.0,116.0,119.0,184.0,5.7,833.0,880.0,28,28.14218
160.0,128.0,122.0,182.0,6.4,824.0,879.0,28,37.55997
234.0,156.0,0.0,189.0,5.9,981.0,760.0,28,37.460945
250.0,180.0,95.0,159.0,9.5,860.0,800.0,28,67.11722
475.0,0.0,0.0,162.0,9.5,1044.0,662.0,28,58.504288
285.0,190.0,0.0,163.0,7.6,1031.0,685.0,28,50.499104
356.0,119.0,0.0,160.0,9.0,1061.0,657.0,28,62.58362
275.0,180.0,120.0,162.0,10.4,830.0,765.0,28,59.264004
500.0,0.0,0.0,151.0,9.0,1033.0,655.0,28,70.78755
165.0,0.0,143.6,163.8,0.0,1005.6,900.9,3,13.0083685
165.0,128.5,132.1,175.1,8.1,1005.8,746.6,3,15.71686
178.0,129.8,118.6,179.9,3.6,1007.3,746.8,3,15.75525
167.4,129.9,128.6,175.5,7.8,1006.3,746.6,3,16.306253
172.4,13.6,172.4,156.8,4.1,1006.3,856.4,3,18.628222
173.5,50.1,173.5,164.8,6.5,1006.2,793.5,3,20.109732
167.0,75.4,167.0,164.0,7.9,1007.3,770.1,3,17.023235
173.8,93.4,159.9,172.3,9.7,1007.2,746.6,3,18.195406
190.3,0.0,125.2,166.6,9.9,1079.0,798.9,3,9.313817
250.0,0.0,95.7,191.8,5.3,948.9,857.2,3,10.958173
213.5,0.0,174.2,159.2,11.7,1043.6,771.9,3,17.125225
194.7,0.0,100.5,170.2,7.5,998.0,901.8,3,15.578863
251.4,0.0,118.3,192.9,5.8,1043.6,754.3,3,12.651858
165.0,0.0,143.6,163.8,0.0,1005.6,900.9,14,21.103016
165.0,128.5,132.1,175.1,8.1,1005.8,746.6,14,33.856842
178.0,129.8,118.6,179.9,3.6,1007.3,746.8,14,32.114883
167.4,129.9,128.6,175.5,7.8,1006.3,746.6,14,34.446228
172.4,13.6,172.4,156.8,4.1,1006.3,856.4,14,28.801788
173.5,50.1,173.5,164.8,6.5,1006.2,793.5,14,35.36384
167.0,75.4,167.0,164.0,7.9,1007.3,770.1,14,32.88676
173.8,93.4,159.9,172.3,9.7,1007.2,746.6,14,31.272392
190.3,0.0,125.2,166.6,9.9,1079.0,798.9,14,17.428785
250.0,0.0,95.7,191.8,5.3,948.9,857.2,14,22.421213
213.5,0.0,174.2,159.2,11.7,1043.6,771.9,14,30.153128
194.7,0.0,100.5,170.2,7.5,998.0,901.8,14,26.949488
251.4,0.0,118.3,192.9,5.8,1043.6,754.3,14,23.893324
165.0,0.0,143.6,163.8,0.0,1005.6,900.9,28,26.21901
165.0,128.5,132.1,175.1,8.1,1005.8,746.6,28,40.421814
178.0,129.8,118.6,179.9,3.6,1007.3,746.8,28,37.350636
167.4,129.9,128.6,175.5,7.8,1006.3,746.6,28,41.0112
172.4,13.6,172.4,156.8,4.1,1006.3,856.4,28,33.3891
173.5,50.1,173.5,164.8,6.5,1006.2,793.5,28,43.164955
167.0,75.4,167.0,164.0,7.9,1007.3,770.1,28,39.45173
173.8,93.4,159.9,172.3,9.7,1007.2,746.6,28,37.837353
190.3,0.0,125.2,166.6,9.9,1079.0,798.9,28,21.882826
250.0,0.0,95.7,191.8,5.3,948.9,857.2,28,28.326578
213.5,0.0,174.2,159.2,11.7,1043.6,771.9,28,40.023792
194.7,0.0,100.5,170.2,7.5,998.0,901.8,28,32.85484
251.4,0.0,118.3,192.9,5.8,1043.6,754.3,28,30.307966
165.0,0.0,143.6,163.8,0.0,1005.6,900.9,56,34.00474
165.0,128.5,132.1,175.1,8.1,1005.8,746.6,56,51.52591
178.0,129.8,118.6,179.9,3.6,1007.3,746.8,56,49.38477
167.4,129.9,128.6,175.5,7.8,1006.3,746.6,56,50.498444
172.4,13.6,172.4,156.8,4.1,1006.3,856.4,56,38.60389
173.5,50.1,173.5,164.8,6.5,1006.2,793.5,56,49.792957
167.0,75.4,167.0,164.0,7.9,1007.3,770.1,56,53.163258
173.8,93.4,159.9,172.3,9.7,1007.2,746.6,56,48.941452
190.3,0.0,125.2,166.6,9.9,1079.0,798.9,56,33.27469
250.0,0.0,95.7,191.8,5.3,948.9,857.2,56,36.2922
213.5,0.0,174.2,159.2,11.7,1043.6,771.9,56,50.936764
194.7,0.0,100.5,170.2,7.5,998.0,901.8,56,39.053097
251.4,0.0,118.3,192.9,5.8,1043.6,754.3,56,37.984234
165.0,0.0,143.6,163.8,0.0,1005.6,900.9,100,35.45765
165.0,128.5,132.1,175.1,8.1,1005.8,746.6,100,55.77961
178.0,129.8,118.6,179.9,3.6,1007.3,746.8,100,52.63962
167.4,129.9,128.6,175.5,7.8,1006.3,746.6,100,54.752136
172.4,13.6,172.4,156.8,4.1,1006.3,856.4,100,41.85874
173.5,50.1,173.5,164.8,6.5,1006.2,793.5,100,54.046654
167.0,75.4,167.0,164.0,7.9,1007.3,770.1,100,57.41695
173.8,93.4,159.9,172.3,9.7,1007.2,746.6,100,53.195152
190.3,0.0,125.2,166.6,9.9,1079.0,798.9,100,37.52838
250.0,0.0,95.7,191.8,5.3,948.9,857.2,100,41.55889
213.5,0.0,174.2,159.2,11.7,1043.6,771.9,100,55.190464
194.7,0.0,100.5,170.2,7.5,998.0,901.8,100,41.50485
251.4,0.0,118.3,192.9,5.8,1043.6,754.3,100,42.44791
446.0,24.0,79.0,162.0,11.6,967.0,712.0,28,54.724102
446.0,24.0,79.0,162.0,11.6,967.0,712.0,28,54.724102
446.0,24.0,79.0,162.0,11.6,967.0,712.0,28,54.724102
446.0,24.0,79.0,162.0,10.3,967.0,712.0,28,52.54996
446.0,24.0,79.0,162.0,11.6,967.0,712.0,3,27.826519
446.0,24.0,79.0,162.0,11.6,967.0,712.0,3,27.826519
446.0,24.0,79.0,162.0,11.6,967.0,712.0,3,27.826519
446.0,24.0,79.0,162.0,11.6,967.0,712.0,7,43.62763
446.0,24.0,79.0,162.0,11.6,967.0,712.0,7,43.62763
446.0,24.0,79.0,162.0,11.6,967.0,712.0,7,43.62763
446.0,24.0,79.0,162.0,11.6,967.0,712.0,56,56.557858
446.0,24.0,79.0,162.0,11.6,967.0,712.0,56,56.557858
446.0,24.0,79.0,162.0,11.6,967.0,712.0,56,56.557858
446.0,24.0,79.0,162.0,10.3,967.0,712.0,56,54.383717
387.0,20.0,94.0,157.0,14.3,938.0,845.0,28,51.733395
387.0,20.0,94.0,157.0,13.9,938.0,845.0,28,46.66524
387.0,20.0,94.0,157.0,11.6,938.0,845.0,28,57.65636
387.0,20.0,94.0,157.0,14.3,938.0,845.0,3,24.87725
387.0,20.0,94.0,157.0,13.9,938.0,845.0,3,19.809093
387.0,20.0,94.0,157.0,11.6,938.0,845.0,3,30.551502
387.0,20.0,94.0,157.0,14.3,938.0,845.0,7,35.1021
387.0,20.0,94.0,157.0,13.9,938.0,845.0,7,30.033937
387.0,20.0,94.0,157.0,11.6,938.0,845.0,7,41.02506
387.0,20.0,94.0,157.0,14.3,938.0,845.0,56,53.941113
387.0,20.0,94.0,157.0,13.9,938.0,845.0,56,48.87295
387.0,20.0,94.0,157.0,11.6,938.0,845.0,56,59.86407
355.0,19.0,97.0,145.0,13.1,967.0,871.0,28,48.95969
355.0,19.0,97.0,145.0,12.3,967.0,871.0,28,51.779675
491.0,26.0,123.0,210.0,3.9,882.0,699.0,28,48.893982
491.0,26.0,123.0,201.0,3.9,822.0,699.0,28,53.67848
491.0,26.0,123.0,210.0,3.9,882.0,699.0,3,27.257837
491.0,26.0,123.0,210.0,3.9,882.0,699.0,7,36.42198
491.0,26.0,123.0,210.0,3.9,882.0,699.0,56,56.401978
491.0,26.0,123.0,201.0,3.9,822.0,699.0,3,29.04208
491.0,26.0,123.0,201.0,3.9,822.0,699.0,7,38.20624
491.0,26.0,123.0,201.0,3.9,822.0,699.0,56,61.186474
424.0,22.0,132.0,178.0,8.5,822.0,750.0,28,62.08582
424.0,22.0,132.0,178.0,8.5,882.0,750.0,3,37.402607
424.0,22.0,132.0,168.0,8.9,822.0,750.0,28,69.63512
424.0,22.0,132.0,178.0,8.5,822.0,750.0,7,40.128162
424.0,22.0,132.0,178.0,8.5,822.0,750.0,56,64.53761
424.0,22.0,132.0,168.0,8.9,822.0,750.0,3,31.31415
424.0,22.0,132.0,168.0,8.9,822.0,750.0,7,47.95519
424.0,22.0,132.0,168.0,8.9,822.0,750.0,56,72.086945
202.0,11.0,141.0,206.0,1.7,942.0,801.0,28,23.050669
202.0,11.0,141.0,206.0,1.7,942.0,801.0,3,7.5670414
202.0,11.0,141.0,206.0,1.7,942.0,801.0,7,12.566188
202.0,11.0,141.0,206.0,1.7,942.0,801.0,56,29.440554
284.0,15.0,141.0,179.0,5.5,842.0,801.0,28,43.86051
284.0,15.0,141.0,179.0,5.5,842.0,801.0,3,17.761599
284.0,15.0,141.0,179.0,5.5,842.0,801.0,7,22.094204
284.0,15.0,141.0,179.0,5.5,842.0,801.0,56,43.13156
359.0,19.0,141.0,154.0,10.9,942.0,801.0,28,60.64175
359.0,19.0,141.0,154.0,10.9,942.0,801.0,28,60.64175
359.0,19.0,141.0,154.0,10.9,942.0,801.0,3,27.86083
359.0,19.0,141.0,154.0,10.9,942.0,801.0,3,27.86083
359.0,19.0,141.0,154.0,10.9,942.0,801.0,7,39.968853
359.0,19.0,141.0,154.0,10.9,942.0,801.0,7,39.968853
359.0,19.0,141.0,154.0,10.9,942.0,801.0,56,62.84947
359.0,19.0,141.0,154.0,10.9,942.0,801.0,56,62.84947
436.0,0.0,0.0,218.0,0.0,838.4,719.7,28,25.09319
289.0,0.0,0.0,192.0,0.0,913.2,895.3,90,30.806133
289.0,0.0,0.0,192.0,0.0,913.2,895.3,3,12.620793
393.0,0.0,0.0,192.0,0.0,940.6,785.6,3,22.658194
393.0,0.0,0.0,192.0,0.0,940.6,785.6,90,42.952324
393.0,0.0,0.0,192.0,0.0,940.6,785.6,28,37.874825
480.0,0.0,0.0,192.0,0.0,936.2,712.2,28,45.86651
480.0,0.0,0.0,192.0,0.0,936.2,712.2,7,35.417
480.0,0.0,0.0,192.0,0.0,936.2,712.2,90,55.72232
480.0,0.0,0.0,192.0,0.0,936.2,712.2,3,24.118265
333.0,0.0,0.0,192.0,0.0,931.2,842.6,3,16.306368
255.0,0.0,0.0,192.0,0.0,889.8,945.0,90,24.053162
255.0,0.0,0.0,192.0,0.0,889.8,945.0,7,8.051361
289.0,0.0,0.0,192.0,0.0,913.2,895.3,7,14.266746
255.0,0.0,0.0,192.0,0.0,889.8,945.0,28,20.85859
333.0,0.0,0.0,192.0,0.0,931.2,842.6,28,33.955956
333.0,0.0,0.0,192.0,0.0,931.2,842.6,7,20.218136
289.0,0.0,0.0,192.0,0.0,913.2,895.3,28,27.349045
333.0,0.0,0.0,192.0,0.0,931.2,842.6,90,39.033447
393.0,0.0,0.0,192.0,0.0,940.6,785.6,7,33.26042
255.0,0.0,0.0,192.0,0.0,889.8,945.0,3,4.966139
158.8,238.2,0.0,185.7,0.0,1040.6,734.3,7,12.034776
239.6,359.4,0.0,185.7,0.0,941.6,664.3,7,23.216396
238.2,158.8,0.0,185.7,0.0,1040.6,734.3,7,14.028914
181.9,272.8,0.0,185.7,0.0,1012.4,714.3,28,28.412428
193.5,290.2,0.0,185.7,0.0,998.2,704.3,28,34.08434
255.5,170.3,0.0,185.7,0.0,1026.6,724.3,7,16.7413
272.8,181.9,0.0,185.7,0.0,1012.4,714.3,7,18.038237
239.6,359.4,0.0,185.7,0.0,941.6,664.3,28,40.379158
220.8,147.2,0.0,185.7,0.0,1055.0,744.3,28,26.576904
397.0,0.0,0.0,185.7,0.0,1040.6,734.3,28,32.014027
382.5,0.0,0.0,185.7,0.0,1047.8,739.3,7,23.492731
210.7,316.1,0.0,185.7,0.0,977.0,689.3,7,21.322315
158.8,238.2,0.0,185.7,0.0,1040.6,734.3,28,21.62215
295.8,0.0,0.0,185.7,0.0,1091.4,769.3,7,13.636968
255.5,170.3,0.0,185.7,0.0,1026.6,724.3,28,31.201708
203.5,135.7,0.0,185.7,0.0,1076.2,759.3,7,10.538084
397.0,0.0,0.0,185.7,0.0,1040.6,734.3,7,26.15051
381.4,0.0,0.0,185.7,0.0,1104.6,784.3,28,28.123962
295.8,0.0,0.0,185.7,0.0,1091.4,769.3,28,24.073553
228.0,342.1,0.0,185.7,0.0,955.8,674.3,28,39.574615
220.8,147.2,0.0,185.7,0.0,1055.0,744.3,7,10.703632
316.1,210.7,0.0,185.7,0.0,977.0,689.3,28,42.434708
135.7,203.5,0.0,185.7,0.0,1076.2,759.3,7,5.265098
238.1,0.0,0.0,185.7,0.0,1118.8,789.3,28,19.181208
339.2,0.0,0.0,185.7,0.0,1069.2,754.3,7,19.293976
135.7,203.5,0.0,185.7,0.0,1076.2,759.3,28,20.437105
193.5,290.2,0.0,185.7,0.0,998.2,704.3,7,18.569017
203.5,135.7,0.0,185.7,0.0,1076.2,759.3,28,29.101694
290.2,193.5,0.0,185.7,0.0,998.2,704.3,7,18.614527
181.9,272.8,0.0,185.7,0.0,1012.4,714.3,7,13.51336
170.3,155.5,0.0,185.7,0.0,1026.6,724.3,28,26.323977
210.7,316.1,0.0,185.7,0.0,977.0,689.3,28,36.83763
228.0,342.1,0.0,185.7,0.0,955.8,674.3,7,23.470558
290.2,193.5,0.0,185.7,0.0,998.2,704.3,28,36.851536
381.4,0.0,0.0,185.7,0.0,1104.6,784.3,7,15.836553
238.2,158.8,0.0,185.7,0.0,1040.6,734.3,28,29.463524
186.2,124.1,0.0,185.7,0.0,1083.4,764.3,7,5.5591116
339.2,0.0,0.0,185.7,0.0,1069.2,754.3,28,32.710976
238.1,0.0,0.0,185.7,0.0,1118.8,789.3,7,7.5901074
252.5,0.0,0.0,185.7,0.0,1111.6,784.3,28,19.97111
382.5,0.0,0.0,185.7,0.0,1047.8,739.3,28,36.675465
252.5,0.0,0.0,185.7,0.0,1111.6,784.3,7,8.38001
316.1,210.7,0.0,185.7,0.0,977.0,689.3,7,24.197714
186.2,124.1,0.0,185.7,0.0,1083.4,764.3,28,23.227392
170.3,155.5,0.0,185.7,0.0,1026.6,724.3,7,11.424891
272.8,181.9,0.0,185.7,0.0,1012.4,714.3,28,32.498646
339.0,0.0,0.0,197.0,0.0,968.0,781.0,3,14.441913
339.0,0.0,0.0,197.0,0.0,968.0,781.0,7,20.024487
339.0,0.0,0.0,197.0,0.0,968.0,781.0,14,27.056915
339.0,0.0,0.0,197.0,0.0,968.0,781.0,28,32.172905
339.0,0.0,0.0,197.0,0.0,968.0,781.0,90,36.273766
339.0,0.0,0.0,197.0,0.0,968.0,781.0,180,36.155495
339.0,0.0,0.0,197.0,0.0,968.0,781.0,365,38.951874
236.0,0.0,0.0,194.0,0.0,968.0,885.0,3,3.9659452
236.0,0.0,0.0,194.0,0.0,968.0,885.0,14,13.430289
236.0,0.0,0.0,194.0,0.0,968.0,885.0,28,18.546293
236.0,0.0,0.0,194.0,0.0,968.0,885.0,90,26.21234
236.0,0.0,0.0,193.0,0.0,968.0,885.0,180,25.593662
236.0,0.0,0.0,193.0,0.0,968.0,885.0,365,26.617733
277.0,0.0,0.0,191.0,0.0,968.0,856.0,14,20.475159
277.0,0.0,0.0,191.0,0.0,968.0,856.0,28,25.591148
277.0,0.0,0.0,191.0,0.0,968.0,856.0,3,11.010798
277.0,0.0,0.0,191.0,0.0,968.0,856.0,90,32.074013
277.0,0.0,0.0,191.0,0.0,968.0,856.0,180,33.699135
277.0,0.0,0.0,191.0,0.0,968.0,856.0,360,34.64482
254.0,0.0,0.0,198.0,0.0,968.0,863.0,3,6.1717334
254.0,0.0,0.0,198.0,0.0,968.0,863.0,90,26.609991
254.0,0.0,0.0,198.0,0.0,968.0,863.0,180,25.991314
254.0,0.0,0.0,198.0,0.0,968.0,863.0,365,28.78769
307.0,0.0,0.0,193.0,0.0,968.0,812.0,180,32.906105
307.0,0.0,0.0,193.0,0.0,968.0,812.0,365,33.930176
307.0,0.0,0.0,193.0,0.0,968.0,812.0,3,10.3539295
307.0,0.0,0.0,193.0,0.0,968.0,812.0,28,25.209352
307.0,0.0,0.0,193.0,0.0,968.0,812.0,90,32.36664
236.0,0.0,0.0,193.0,0.0,968.0,885.0,7,7.0871005
200.0,0.0,0.0,180.0,0.0,1125.0,845.0,7,5.905359
200.0,0.0,0.0,180.0,0.0,1125.0,845.0,28,16.331308
225.0,0.0,0.0,181.0,0.0,1113.0,833.0,7,5.1537232
225.0,0.0,0.0,181.0,0.0,1113.0,833.0,28,17.42484
325.0,0.0,0.0,184.0,0.0,1063.0,783.0,7,17.863827
325.0,0.0,0.0,184.0,0.0,1063.0,783.0,28,31.280823
275.0,0.0,0.0,183.0,0.0,1088.0,808.0,7,17.556814
275.0,0.0,0.0,183.0,0.0,1088.0,808.0,28,27.95967
300.0,0.0,0.0,184.0,0.0,1075.0,795.0,7,13.086541
300.0,0.0,0.0,184.0,0.0,1075.0,795.0,28,25.238607
375.0,0.0,0.0,186.0,0.0,1038.0,758.0,7,27.40147
375.0,0.0,0.0,186.0,0.0,1038.0,758.0,28,39.380688
400.0,0.0,0.0,187.0,0.0,1025.0,745.0,28,37.717728
400.0,0.0,0.0,187.0,0.0,1025.0,745.0,7,32.363472
250.0,0.0,0.0,182.0,0.0,1100.0,820.0,7,9.862496
250.0,0.0,0.0,182.0,0.0,1100.0,820.0,28,20.265364
350.0,0.0,0.0,186.0,0.0,1050.0,770.0,7,19.19143
350.0,0.0,0.0,186.0,0.0,1050.0,770.0,28,33.937008
203.5,305.3,0.0,203.5,0.0,963.4,630.0,7,21.9205
250.2,166.8,0.0,203.5,0.0,977.6,694.1,90,47.711887
157.0,236.0,0.0,192.0,0.0,935.4,781.2,90,41.695793
141.3,212.0,0.0,203.5,0.0,971.8,748.5,28,25.267532
166.8,250.2,0.0,203.5,0.0,975.6,692.6,3,7.8583193
122.6,183.9,0.0,203.5,0.0,958.2,800.1,90,31.199821
183.9,122.6,0.0,203.5,0.0,959.2,800.0,3,4.539448
102.0,153.0,0.0,192.0,0.0,887.0,942.0,3,2.8752484
102.0,153.0,0.0,192.0,0.0,887.0,942.0,90,25.943274
122.6,183.9,0.0,203.5,0.0,958.2,800.1,28,22.838766
166.8,250.2,0.0,203.5,0.0,975.6,692.6,28,31.490515
200.0,133.0,0.0,192.0,0.0,965.4,806.2,3,10.122553
108.3,162.4,0.0,203.5,0.0,938.2,849.0,28,19.76467
305.3,203.5,0.0,203.5,0.0,965.4,631.0,7,24.255281
108.3,162.4,0.0,203.5,0.0,938.2,849.0,90,31.56808
116.0,173.0,0.0,192.0,0.0,909.8,891.9,90,30.073479
141.3,212.0,0.0,203.5,0.0,971.8,748.5,7,13.2951355
157.0,236.0,0.0,192.0,0.0,935.4,781.2,28,30.004642
133.0,200.0,0.0,192.0,0.0,927.4,839.2,28,26.050512
250.2,166.8,0.0,203.5,0.0,977.6,694.1,7,20.50583
173.0,116.0,0.0,192.0,0.0,946.8,856.8,7,12.808616
192.0,288.0,0.0,192.0,0.0,929.8,716.1,3,10.385985
192.0,288.0,0.0,192.0,0.0,929.8,716.1,28,39.120506
153.0,102.0,0.0,192.0,0.0,888.0,943.1,3,4.254748
288.0,192.0,0.0,192.0,0.0,932.0,717.8,3,13.759122
305.3,203.5,0.0,203.5,0.0,965.4,631.0,28,43.081028
236.0,157.0,0.0,192.0,0.0,972.6,749.1,7,19.193195
173.0,116.0,0.0,192.0,0.0,946.8,856.8,3,9.193524
212.0,141.3,0.0,203.5,0.0,973.4,750.0,7,13.707249
236.0,157.0,0.0,192.0,0.0,972.6,749.1,3,12.627926
183.9,122.6,0.0,203.5,0.0,959.2,800.0,90,35.36488
166.8,250.2,0.0,203.5,0.0,975.6,692.6,7,16.591436
102.0,153.0,0.0,192.0,0.0,887.0,942.0,7,7.000468
288.0,192.0,0.0,192.0,0.0,932.0,717.8,28,41.11612
212.0,141.3,0.0,203.5,0.0,973.4,750.0,28,29.071247
102.0,153.0,0.0,192.0,0.0,887.0,942.0,28,18.415018
173.0,116.0,0.0,192.0,0.0,946.8,856.8,28,29.002695
183.9,122.6,0.0,203.5,0.0,959.2,800.0,28,25.50319
133.0,200.0,0.0,192.0,0.0,927.4,839.2,90,36.63691
192.0,288.0,0.0,192.0,0.0,929.8,716.1,90,52.406204
133.0,200.0,0.0,192.0,0.0,927.4,839.2,7,13.24803
305.3,203.5,0.0,203.5,0.0,965.4,631.0,3,16.993526
236.0,157.0,0.0,192.0,0.0,972.6,749.1,90,47.651558
108.3,162.4,0.0,203.5,0.0,938.2,849.0,3,2.3933709
157.0,236.0,0.0,192.0,0.0,935.4,781.2,7,20.33781
288.0,192.0,0.0,192.0,0.0,932.0,717.8,7,22.290379
212.0,141.3,0.0,203.5,0.0,973.4,750.0,3,8.937592
212.0,141.3,0.0,203.5,0.0,973.4,750.0,90,41.95139
153.0,102.0,0.0,192.0,0.0,888.0,943.1,28,18.394299
236.0,157.0,0.0,192.0,0.0,972.6,749.1,28,34.118515
116.0,173.0,0.0,192.0,0.0,909.8,891.9,28,24.001408
183.9,122.6,0.0,203.5,0.0,959.2,800.0,7,9.309101
108.3,162.4,0.0,203.5,0.0,938.2,849.0,7,8.350121
203.5,305.3,0.0,203.5,0.0,963.4,630.0,28,39.521923
203.5,305.3,0.0,203.5,0.0,963.4,630.0,3,10.559531
133.0,200.0,0.0,192.0,0.0,927.4,839.2,3,7.2912807
288.0,192.0,0.0,192.0,0.0,932.0,717.8,90,50.665596
200.0,133.0,0.0,192.0,0.0,965.4,806.2,7,14.283705
200.0,133.0,0.0,192.0,0.0,965.4,806.2,28,30.477797
250.2,166.8,0.0,203.5,0.0,977.6,694.1,3,13.24406
122.6,183.9,0.0,203.5,0.0,958.2,800.1,3,3.4710333
153.0,102.0,0.0,192.0,0.0,888.0,943.1,90,25.73804
200.0,133.0,0.0,192.0,0.0,965.4,806.2,90,40.513123
116.0,173.0,0.0,192.0,0.0,909.8,891.9,3,5.2421775
173.0,116.0,0.0,192.0,0.0,946.8,856.8,90,39.038033
250.2,166.8,0.0,203.5,0.0,977.6,694.1,28,34.966236
305.3,203.5,0.0,203.5,0.0,965.4,631.0,90,52.862934
192.0,288.0,0.0,192.0,0.0,929.8,716.1,7,23.016445
157.0,236.0,0.0,192.0,0.0,935.4,781.2,3,11.440765
153.0,102.0,0.0,192.0,0.0,888.0,943.1,7,7.833905
141.3,212.0,0.0,203.5,0.0,971.8,748.5,90,38.37958
116.0,173.0,0.0,192.0,0.0,909.8,891.9,7,11.198926
141.3,212.0,0.0,203.5,0.0,971.8,748.5,3,6.7298827
122.6,183.9,0.0,203.5,0.0,958.2,800.1,7,10.036285
166.8,250.2,0.0,203.5,0.0,975.6,692.6,90,44.60258
203.5,305.3,0.0,203.5,0.0,963.4,630.0,90,51.30749
310.0,0.0,0.0,192.0,0.0,1012.0,830.0,3,12.426085
310.0,0.0,0.0,192.0,0.0,1012.0,830.0,7,15.547244
310.0,0.0,0.0,192.0,0.0,1012.0,830.0,28,28.040804
310.0,0.0,0.0,192.0,0.0,1012.0,830.0,90,35.1981
310.0,0.0,0.0,192.0,0.0,1012.0,830.0,120,37.981373
331.0,0.0,0.0,192.0,0.0,1025.0,821.0,3,14.723708
331.0,0.0,0.0,192.0,0.0,1025.0,821.0,7,18.63549
331.0,0.0,0.0,192.0,0.0,1025.0,821.0,28,31.784567
331.0,0.0,0.0,192.0,0.0,1025.0,821.0,90,36.059063
331.0,0.0,0.0,192.0,0.0,1025.0,821.0,120,38.842327
349.0,0.0,0.0,192.0,0.0,1056.0,809.0,3,12.174266
349.0,0.0,0.0,192.0,0.0,1056.0,809.0,7,16.0661
349.0,0.0,0.0,192.0,0.0,1056.0,809.0,28,31.05304
349.0,0.0,0.0,192.0,0.0,1056.0,809.0,90,35.327538
349.0,0.0,0.0,192.0,0.0,1056.0,809.0,120,38.11081
238.0,0.0,0.0,186.0,0.0,1119.0,789.0,7,10.9578085
238.0,0.0,0.0,186.0,0.0,1119.0,789.0,28,20.703745
296.0,0.0,0.0,186.0,0.0,1090.0,769.0,7,15.15762
296.0,0.0,0.0,186.0,0.0,1090.0,769.0,28,25.594202
297.0,0.0,0.0,186.0,0.0,1040.0,734.0,7,27.8741
480.0,0.0,0.0,192.0,0.0,936.0,721.0,28,45.475014
480.0,0.0,0.0,192.0,0.0,936.0,721.0,90,55.330826
397.0,0.0,0.0,186.0,0.0,1040.0,734.0,28,40.82161
281.0,0.0,0.0,186.0,0.0,1104.0,774.0,7,14.8500395
281.0,0.0,0.0,185.0,0.0,1104.0,774.0,28,23.780264
500.0,0.0,0.0,200.0,0.0,1125.0,613.0,1,12.082971
500.0,0.0,0.0,200.0,0.0,1125.0,613.0,3,23.7895
500.0,0.0,0.0,200.0,0.0,1125.0,613.0,7,33.7988
500.0,0.0,0.0,200.0,0.0,1125.0,613.0,14,36.72985
500.0,0.0,0.0,200.0,0.0,1125.0,613.0,28,44.455986
540.0,0.0,0.0,173.0,0.0,1125.0,613.0,7,53.53913
540.0,0.0,0.0,173.0,0.0,1125.0,613.0,14,57.41219
540.0,0.0,0.0,173.0,0.0,1125.0,613.0,28,67.59159
540.0,0.0,0.0,173.0,0.0,1125.0,613.0,90,68.9785
540.0,0.0,0.0,173.0,0.0,1125.0,613.0,180,71.104034
540.0,0.0,0.0,173.0,0.0,1125.0,613.0,270,74.47449
350.0,0.0,0.0,203.0,0.0,974.0,775.0,7,14.891493
350.0,0.0,0.0,203.0,0.0,974.0,775.0,14,24.011812
350.0,0.0,0.0,203.0,0.0,974.0,775.0,28,29.127802
350.0,0.0,0.0,203.0,0.0,974.0,775.0,56,30.129786
350.0,0.0,0.0,203.0,0.0,974.0,775.0,90,33.22866
350.0,0.0,0.0,203.0,0.0,974.0,775.0,180,33.11039
385.0,0.0,0.0,186.0,0.0,966.0,763.0,1,6.958858
385.0,0.0,0.0,186.0,0.0,966.0,763.0,3,18.665392
385.0,0.0,0.0,186.0,0.0,966.0,763.0,7,23.185669
385.0,0.0,0.0,186.0,0.0,966.0,763.0,14,26.376595
385.0,0.0,0.0,186.0,0.0,966.0,763.0,28,35.099815
331.0,0.0,0.0,192.0,0.0,978.0,825.0,180,38.6565
331.0,0.0,0.0,192.0,0.0,978.0,825.0,360,39.60219
349.0,0.0,0.0,192.0,0.0,1047.0,806.0,3,14.691314
331.0,0.0,0.0,192.0,0.0,978.0,825.0,3,14.537881
382.0,0.0,0.0,186.0,0.0,1047.0,739.0,7,25.013384
382.0,0.0,0.0,186.0,0.0,1047.0,739.0,28,38.196117
382.0,0.0,0.0,186.0,0.0,1111.0,784.0,7,16.110588
281.0,0.0,0.0,186.0,0.0,1104.0,774.0,28,25.011553
339.0,0.0,0.0,185.0,0.0,1069.0,754.0,7,19.293976
339.0,0.0,0.0,185.0,0.0,1069.0,754.0,28,32.710976
295.0,0.0,0.0,185.0,0.0,1069.0,769.0,7,14.948356
295.0,0.0,0.0,185.0,0.0,1069.0,769.0,28,27.709845
238.0,0.0,0.0,185.0,0.0,1118.0,789.0,28,19.181208
296.0,0.0,0.0,192.0,0.0,1085.0,765.0,7,12.375773
296.0,0.0,0.0,192.0,0.0,1085.0,765.0,28,24.241934
296.0,0.0,0.0,192.0,0.0,1085.0,765.0,90,29.930832
331.0,0.0,0.0,192.0,0.0,879.0,825.0,3,15.415788
331.0,0.0,0.0,192.0,0.0,978.0,825.0,7,18.449661
331.0,0.0,0.0,192.0,0.0,978.0,825.0,28,31.59874
331.0,0.0,0.0,192.0,0.0,978.0,825.0,90,35.87323
349.0,0.0,0.0,192.0,0.0,1047.0,806.0,7,18.603092
349.0,0.0,0.0,192.0,0.0,1047.0,806.0,28,33.59003
349.0,0.0,0.0,192.0,0.0,1047.0,806.0,90,37.86453
349.0,0.0,0.0,192.0,0.0,1047.0,806.0,180,40.647793
349.0,0.0,0.0,192.0,0.0,1047.0,806.0,360,41.593487
302.0,0.0,0.0,203.0,0.0,974.0,817.0,14,18.90634
302.0,0.0,0.0,203.0,0.0,974.0,817.0,180,29.468918
525.0,0.0,0.0,189.0,0.0,1125.0,613.0,180,62.055653
500.0,0.0,0.0,200.0,0.0,1125.0,613.0,90,50.547207
500.0,0.0,0.0,200.0,0.0,1125.0,613.0,180,50.428936
500.0,0.0,0.0,200.0,0.0,1125.0,613.0,270,53.7994
540.0,0.0,0.0,173.0,0.0,1125.0,613.0,3,41.082047
252.0,0.0,0.0,185.0,0.0,1111.0,784.0,7,8.38001
252.0,0.0,0.0,185.0,0.0,1111.0,784.0,28,19.97111
339.0,0.0,0.0,185.0,0.0,1060.0,754.0,28,32.503773
393.0,0.0,0.0,192.0,0.0,940.0,758.0,3,24.200235
393.0,0.0,0.0,192.0,0.0,940.0,758.0,28,39.416862
393.0,0.0,0.0,192.0,0.0,940.0,758.0,90,43.869095
382.0,0.0,0.0,185.0,0.0,1047.0,739.0,7,23.492731
382.0,0.0,0.0,185.0,0.0,1047.0,739.0,28,36.675465
252.0,0.0,0.0,186.0,0.0,1111.0,784.0,7,9.611302
252.0,0.0,0.0,185.0,0.0,1111.0,784.0,28,19.97111
310.0,0.0,0.0,192.0,0.0,970.0,850.0,7,15.111157
310.0,0.0,0.0,192.0,0.0,970.0,850.0,28,26.845417
310.0,0.0,0.0,192.0,0.0,970.0,850.0,90,34.00271
310.0,0.0,0.0,192.0,0.0,970.0,850.0,180,35.627823
310.0,0.0,0.0,192.0,0.0,970.0,850.0,360,36.573517
525.0,0.0,0.0,189.0,0.0,1125.0,613.0,3,34.467205
525.0,0.0,0.0,189.0,0.0,1125.0,613.0,7,42.341934
525.0,0.0,0.0,189.0,0.0,1125.0,613.0,14,46.214993
525.0,0.0,0.0,189.0,0.0,1125.0,613.0,28,53.94113
525.0,0.0,0.0,189.0,0.0,1125.0,613.0,90,59.930126
525.0,0.0,0.0,189.0,0.0,1125.0,613.0,270,65.4261
322.0,0.0,0.0,203.0,0.0,974.0,800.0,14,20.554169
322.0,0.0,0.0,203.0,0.0,974.0,800.0,28,25.670162
322.0,0.0,0.0,203.0,0.0,974.0,800.0,180,29.652746
302.0,0.0,0.0,203.0,0.0,974.0,817.0,28,24.02233
397.0,0.0,0.0,185.0,0.0,1040.0,734.0,28,39.300957
480.0,0.0,0.0,192.0,0.0,936.0,721.0,3,23.72677
522.0,0.0,0.0,146.0,0.0,896.0,896.0,7,52.909832
522.0,0.0,0.0,146.0,0.0,896.0,896.0,28,71.53364
273.0,105.0,82.0,210.0,9.0,904.0,680.0,28,37.348007
162.0,190.0,148.0,179.0,19.0,838.0,741.0,28,33.32947
154.0,144.0,112.0,220.0,10.0,923.0,658.0,28,15.843092
147.0,115.0,89.0,202.0,9.0,860.0,829.0,28,20.396835
152.0,178.0,139.0,168.0,18.0,944.0,695.0,28,33.582462
310.0,143.0,111.0,168.0,22.0,914.0,651.0,28,36.067036
144.0,0.0,175.0,158.0,18.0,943.0,844.0,28,15.609252
304.0,140.0,0.0,214.0,6.0,895.0,722.0,28,34.12713
374.0,0.0,0.0,190.0,7.0,1013.0,730.0,28,38.90136
159.0,149.0,116.0,175.0,15.0,953.0,720.0,28,28.244217
153.0,239.0,0.0,200.0,6.0,1002.0,684.0,28,26.755579
310.0,143.0,0.0,168.0,10.0,914.0,804.0,28,45.183453
305.0,0.0,100.0,196.0,10.0,959.0,705.0,28,30.24909
151.0,0.0,184.0,167.0,12.0,991.0,772.0,28,17.16923
142.0,167.0,130.0,174.0,11.0,883.0,785.0,28,43.93944
298.0,137.0,107.0,201.0,6.0,878.0,655.0,28,50.37953
321.0,164.0,0.0,190.0,5.0,870.0,774.0,28,56.97181
366.0,187.0,0.0,191.0,7.0,824.0,757.0,28,65.42456
280.0,129.0,100.0,172.0,9.0,825.0,805.0,28,53.714054
252.0,97.0,76.0,194.0,8.0,835.0,821.0,28,33.006298
165.0,0.0,150.0,182.0,12.0,1023.0,729.0,28,19.341343
156.0,243.0,0.0,180.0,11.0,1022.0,698.0,28,35.86309
160.0,188.0,146.0,203.0,11.0,829.0,710.0,28,33.48464
298.0,0.0,107.0,186.0,6.0,879.0,815.0,28,39.734352
318.0,0.0,126.0,210.0,6.0,861.0,737.0,28,39.222836
287.0,121.0,94.0,188.0,9.0,904.0,696.0,28,41.913425
326.0,166.0,0.0,174.0,9.0,882.0,790.0,28,59.754047
356.0,0.0,142.0,193.0,11.0,801.0,778.0,28,40.02006
132.0,207.0,161.0,179.0,5.0,867.0,736.0,28,31.81666
322.0,149.0,0.0,186.0,8.0,951.0,709.0,28,49.128307
164.0,0.0,200.0,181.0,13.0,849.0,846.0,28,15.489547
314.0,0.0,113.0,170.0,10.0,925.0,783.0,28,40.87382
321.0,0.0,128.0,182.0,11.0,870.0,780.0,28,40.743427
140.0,164.0,128.0,237.0,6.0,869.0,656.0,28,35.59446
288.0,121.0,0.0,177.0,7.0,908.0,829.0,28,44.324314
298.0,0.0,107.0,210.0,11.0,880.0,744.0,28,32.87868
265.0,111.0,86.0,195.0,6.0,833.0,790.0,28,40.52774
160.0,250.0,0.0,168.0,12.0,1049.0,688.0,28,38.952553
166.0,260.0,0.0,183.0,13.0,859.0,827.0,28,38.227474
276.0,116.0,90.0,180.0,9.0,870.0,768.0,28,42.207737
322.0,0.0,116.0,196.0,10.0,818.0,813.0,28,31.679762
149.0,139.0,109.0,193.0,6.0,892.0,780.0,28,23.339003
159.0,187.0,0.0,176.0,11.0,990.0,789.0,28,32.90465
261.0,100.0,78.0,201.0,9.0,864.0,761.0,28,34.174885
237.0,92.0,71.0,247.0,6.0,853.0,695.0,28,29.747717
313.0,0.0,113.0,178.0,8.0,1002.0,689.0,28,35.716125
155.0,183.0,0.0,193.0,9.0,1047.0,697.0,28,21.584917
146.0,230.0,0.0,202.0,3.0,827.0,872.0,28,33.645996
296.0,0.0,107.0,221.0,11.0,819.0,778.0,28,33.12502
133.0,210.0,0.0,196.0,3.0,949.0,795.0,28,30.632637
313.0,145.0,0.0,178.0,8.0,867.0,824.0,28,43.237186
152.0,0.0,112.0,184.0,8.0,992.0,816.0,28,11.754203
153.0,145.0,113.0,178.0,8.0,1002.0,689.0,28,23.454153
140.0,133.0,103.0,200.0,7.0,916.0,753.0,28,24.593987
149.0,236.0,0.0,176.0,13.0,847.0,893.0,28,32.62644
300.0,0.0,120.0,212.0,10.0,878.0,728.0,28,23.991508
153.0,145.0,113.0,178.0,8.0,867.0,824.0,28,25.785261
148.0,0.0,137.0,158.0,16.0,1002.0,830.0,28,17.588987
326.0,0.0,138.0,199.0,11.0,801.0,792.0,28,39.904564
153.0,145.0,0.0,178.0,8.0,1000.0,822.0,28,18.81774
262.0,111.0,86.0,195.0,5.0,895.0,733.0,28,34.429
158.0,0.0,195.0,220.0,11.0,898.0,713.0,28,7.780454
151.0,0.0,185.0,167.0,16.0,1074.0,678.0,28,13.794036
273.0,0.0,90.0,199.0,11.0,931.0,762.0,28,32.296528
149.0,118.0,92.0,183.0,7.0,953.0,780.0,28,23.718767
143.0,169.0,143.0,191.0,8.0,967.0,643.0,28,29.700006
260.0,101.0,78.0,171.0,10.0,936.0,763.0,28,45.332256
313.0,161.0,0.0,178.0,10.0,917.0,759.0,28,53.465923
284.0,120.0,0.0,168.0,7.0,970.0,794.0,28,44.571117
336.0,0.0,0.0,182.0,3.0,986.0,817.0,28,41.78582
145.0,0.0,134.0,181.0,11.0,979.0,812.0,28,13.551622
150.0,237.0,0.0,174.0,12.0,1069.0,675.0,28,38.08712
144.0,170.0,133.0,192.0,8.0,814.0,805.0,28,29.92769
331.0,170.0,0.0,195.0,8.0,811.0,802.0,28,55.48976
155.0,0.0,143.0,193.0,9.0,1047.0,697.0,28,10.987806
155.0,183.0,0.0,193.0,9.0,877.0,868.0,28,22.848572
135.0,0.0,166.0,180.0,10.0,961.0,805.0,28,13.735998
266.0,112.0,87.0,178.0,10.0,910.0,745.0,28,39.240177
314.0,145.0,113.0,179.0,8.0,869.0,690.0,28,48.567196
313.0,145.0,0.0,127.0,8.0,1000.0,822.0,28,45.227802
146.0,173.0,0.0,182.0,3.0,986.0,817.0,28,26.342854
144.0,136.0,106.0,178.0,7.0,941.0,774.0,28,27.645987
148.0,0.0,182.0,181.0,15.0,839.0,884.0,28,14.7219715
277.0,117.0,91.0,191.0,7.0,946.0,666.0,28,43.797245
298.0,0.0,107.0,164.0,13.0,953.0,784.0,28,38.392967
313.0,145.0,0.0,178.0,8.0,1002.0,689.0,28,40.716293
155.0,184.0,143.0,194.0,9.0,880.0,699.0,28,29.1232
289.0,134.0,0.0,195.0,6.0,924.0,760.0,28,44.896065
148.0,175.0,0.0,171.0,2.0,1000.0,828.0,28,25.502138
145.0,0.0,179.0,202.0,8.0,824.0,869.0,28,10.44998
313.0,0.0,0.0,178.0,8.0,1000.0,822.0,28,32.146843
136.0,162.0,126.0,172.0,10.0,923.0,764.0,28,29.08033
155.0,0.0,143.0,193.0,9.0,877.0,868.0,28,10.781092
255.0,99.0,77.0,189.0,6.0,919.0,749.0,28,35.777077
162.0,207.0,172.0,216.0,10.0,822.0,638.0,28,25.954248
136.0,196.0,98.0,199.0,6.0,847.0,783.0,28,28.717775
164.0,163.0,128.0,197.0,8.0,961.0,641.0,28,26.092424
162.0,214.0,164.0,202.0,10.0,820.0,680.0,28,31.15569
157.0,214.0,152.0,200.0,9.0,819.0,704.0,28,31.042702
149.0,153.0,194.0,192.0,8.0,935.0,623.0,28,24.650768
135.0,105.0,193.0,196.0,6.0,965.0,643.0,28,20.889208
159.0,209.0,161.0,201.0,7.0,848.0,669.0,28,32.325462
144.0,15.0,195.0,176.0,6.0,1021.0,709.0,28,20.322395
154.0,174.0,185.0,228.0,7.0,845.0,612.0,28,24.602047
167.0,187.0,195.0,185.0,7.0,898.0,636.0,28,34.215954
184.0,86.0,190.0,213.0,6.0,923.0,623.0,28,24.005095
156.0,178.0,187.0,221.0,7.0,854.0,614.0,28,29.754639
236.9,91.7,71.5,246.9,6.0,852.9,695.4,28,29.747717
313.3,0.0,113.0,178.5,8.0,1001.9,688.7,28,35.716125
154.8,183.4,0.0,193.3,9.1,1047.4,696.7,28,21.584917
145.9,230.5,0.0,202.5,3.4,827.0,871.8,28,33.19349
296.0,0.0,106.7,221.4,10.5,819.2,778.4,28,32.797733
133.1,210.2,0.0,195.7,3.1,949.4,795.3,28,30.18013
313.3,145.0,0.0,178.5,8.0,867.2,824.0,28,43.237186
151.6,0.0,111.9,184.4,7.9,992.0,815.9,28,11.754203
153.1,145.0,113.0,178.5,8.0,1001.9,688.7,28,23.454153
139.9,132.6,103.3,200.3,7.4,916.0,753.4,28,24.444614
149.5,236.0,0.0,175.8,12.6,846.8,892.7,28,32.808468
299.8,0.0,119.8,211.5,9.9,878.2,727.6,28,24.559126
153.1,145.0,113.0,178.5,8.0,867.2,824.0,28,25.785261
148.1,0.0,136.6,158.1,16.1,1001.8,830.1,28,17.588987
326.5,0.0,137.9,199.0,10.8,801.1,792.5,28,37.824013
152.7,144.7,0.0,178.1,8.0,999.7,822.2,28,18.81774
261.9,110.5,86.1,195.4,5.0,895.2,732.6,28,34.429
158.4,0.0,194.9,219.7,11.0,897.7,712.9,28,7.780454
150.7,0.0,185.3,166.7,15.6,1074.5,678.0,28,13.794036
272.6,0.0,89.6,198.7,10.6,931.3,762.2,28,31.969252
149.0,117.6,91.7,182.9,7.1,953.4,780.3,28,24.3184
143.0,169.4,142.7,190.7,8.4,967.4,643.5,28,29.700006
259.9,100.6,78.4,170.6,10.4,935.7,762.9,28,47.973232
312.9,160.5,0.0,177.6,9.6,916.6,759.5,28,53.23229
284.0,119.7,0.0,168.3,7.2,970.4,794.2,28,44.571117
336.5,0.0,0.0,181.9,3.4,985.8,816.8,28,41.78582
144.8,0.0,133.6,180.8,11.1,979.5,811.5,28,13.551622
150.0,236.8,0.0,173.8,11.9,1069.3,674.8,28,38.08712
143.7,170.2,132.6,191.6,8.5,814.1,805.3,28,29.92769
330.5,169.6,0.0,194.9,8.1,811.0,802.3,28,55.70117
154.8,0.0,142.8,193.3,9.1,1047.4,696.7,28,10.987806
154.8,183.4,0.0,193.3,9.1,877.2,867.7,28,22.848572
134.7,0.0,165.7,180.2,10.0,961.0,804.9,28,13.735998
266.2,112.3,87.5,177.9,10.4,909.7,744.5,28,39.698223
314.0,145.3,113.2,178.9,8.0,869.1,690.2,28,48.567196
312.7,144.7,0.0,127.3,8.0,999.7,822.2,28,43.033726
145.7,172.6,0.0,181.9,3.4,985.8,816.8,28,25.530487
143.8,136.3,106.2,178.1,7.5,941.5,774.3,28,27.645987
148.1,0.0,182.1,181.4,15.0,838.9,884.3,28,14.7219715
277.0,116.8,91.0,190.6,7.0,946.5,665.6,28,43.797245
298.1,0.0,107.5,163.6,12.8,953.2,784.0,28,36.668648
313.3,145.0,0.0,178.5,8.0,1001.9,688.7,28,40.716293
155.2,183.9,143.2,193.8,9.2,879.6,698.5,28,29.1232
289.0,133.7,0.0,194.9,5.5,924.1,760.1,28,45.164276
147.8,175.1,0.0,171.2,2.2,1000.0,828.5,28,25.502138
145.4,0.0,178.9,201.7,7.8,824.0,868.7,28,12.352762
312.7,0.0,0.0,178.1,8.0,999.7,822.2,28,27.846548
136.4,161.6,125.8,171.6,10.4,922.6,764.4,28,29.08033
154.8,0.0,142.8,193.3,9.1,877.2,867.7,28,10.781092
255.3,98.8,77.0,188.6,6.5,919.0,749.3,28,35.714108
272.8,105.1,81.8,209.7,9.0,904.0,679.7,28,37.348007
162.0,190.1,148.1,178.8,18.8,838.1,741.4,28,33.32947
153.6,144.2,112.3,220.1,10.1,923.2,657.9,28,16.789375
146.5,114.6,89.3,201.9,8.8,860.0,829.5,28,20.56874
151.8,178.1,138.7,167.5,18.3,944.0,694.6,28,33.582462
309.9,142.8,111.2,167.8,22.1,913.9,651.2,28,38.17114
143.6,0.0,174.9,158.4,17.9,942.7,844.5,28,15.609252
303.6,139.9,0.0,213.5,6.2,895.5,722.5,28,34.12713
374.3,0.0,0.0,190.2,6.7,1013.2,730.4,28,39.47561
158.6,148.9,116.0,175.1,15.0,953.3,719.7,28,28.244217
152.6,238.7,0.0,200.0,6.3,1001.8,683.9,28,26.69261
310.0,142.8,0.0,167.9,10.0,914.3,804.0,28,45.183453
304.8,0.0,99.6,196.0,9.8,959.4,705.2,28,30.362274
150.9,0.0,183.9,166.6,11.6,991.2,772.2,28,17.16923
141.9,166.6,129.7,173.5,10.9,882.6,785.3,28,43.93944
297.8,137.2,106.9,201.3,6.0,878.4,655.3,28,50.600327
321.3,164.2,0.0,190.5,4.6,870.0,774.0,28,57.107384
366.0,187.0,0.0,191.3,6.6,824.3,756.9,28,66.21023
279.8,128.9,100.4,172.4,9.5,825.1,804.9,28,53.714054
252.1,97.1,75.6,193.8,8.3,835.5,821.4,28,32.845272
164.6,0.0,150.4,181.6,11.7,1023.3,728.9,28,19.341343
155.6,243.5,0.0,180.3,10.7,1022.0,697.7,28,35.86309
160.2,188.0,146.4,203.2,11.3,828.7,709.7,28,34.07875
298.1,0.0,107.0,186.4,6.1,879.0,815.2,28,39.734352
317.9,0.0,126.5,209.7,5.7,860.5,736.6,28,39.222836
287.3,120.5,93.9,187.6,9.2,904.4,695.9,28,41.913425
325.6,166.4,0.0,174.0,8.9,881.6,790.0,28,59.925945
355.9,0.0,141.6,193.3,11.0,801.4,778.4,28,41.66302
132.0,206.5,160.9,178.9,5.5,866.9,735.6,28,33.136482
322.5,148.6,0.0,185.8,8.5,951.0,709.5,28,50.240963
164.2,0.0,200.1,181.2,12.6,849.3,846.0,28,15.591077
313.8,0.0,112.6,169.9,10.1,925.3,782.9,28,37.24911
321.4,0.0,127.9,182.5,11.5,870.1,779.7,28,41.843502
139.7,163.9,127.7,236.7,5.8,868.6,655.6,28,35.59446
288.4,121.0,0.0,177.4,7.0,907.9,829.5,28,44.324314
298.2,0.0,107.0,209.7,11.1,879.6,744.2,28,32.87868
264.5,111.0,86.5,195.5,5.9,832.6,790.4,28,40.52774
159.8,250.0,0.0,168.4,12.2,1049.3,688.2,28,38.952553
166.0,259.7,0.0,183.2,12.7,858.8,826.8,28,38.329006
276.4,116.0,90.3,179.6,8.9,870.1,768.3,28,42.379635
322.2,0.0,115.6,196.0,10.4,817.9,813.4,28,31.679762
148.5,139.4,108.6,192.7,6.1,892.4,780.0,28,26.76645
159.1,186.7,0.0,175.6,11.3,989.6,788.9,28,33.061733
260.9,100.5,78.3,200.6,8.6,864.5,761.5,28,36.258076
