Cement (component 1)(kg in a m^3 mixture),Blast Furnace Slag (component 2)(kg in a m^3 mixture),Fly Ash (component 3)(kg in a m^3 mixture),Water  (component 4)(kg in a m^3 mixture),Superplasticizer (component 5)(kg in a m^3 mixture),Coarse Aggregate  (component 6)(kg in a m^3 mixture),Fine Aggregate (component 7)(kg in a m^3 mixture),Age (day),"Concrete compressive strength(MPa, megapascals) "
540,0,0,,2.5,1040,676,,79.99
540,0,0,,2.5,1055,676,,61.89
332.5,142.5,0,,0,932,594,,40.27
332.5,142.5,0,228,0,932,594,,41.05
198.6,132.4,0,192,0,978.4,825.5,,44.3
266,114,0,228,0,932,670,,47.03
380,95,0,228,0,932,594,,43.7
380,95,0,228,0,932,594,,36.45
266,114,0,,0,932,670,,45.85
475,0,0,,0,932,594,,39.29
198.6,132.4,0,,0,978.4,825.5,,38.07
198.6,132.4,0,,0,978.4,825.5,,28.02
427.5,47.5,0,,0,932,594,,43.01
190,190,0,228,0,932,670,,42.33
304,76,0,228,0,932,670,,47.81
380,0,0,228,0,932,670,,52.91
139.6,209.4,0,192,0,1047,806.9,,39.36
342,38,0,228,0,932,670,,56.14
380,95,0,228,0,932,594,,40.56
475,0,0,228,0,932,594,,42.62
427.5,47.5,0,228,0,932,594,,41.84
139.6,209.4,0,192,0,1047,806.9,,28.24
139.6,209.4,0,,0,1047,806.9,,8.06
139.6,209.4,0,,0,1047,806.9,,44.21
380,0,0,,0,932,670,,52.52
380,0,0,228,0,932,670,,53.3
380,95,0,228,0,932,594,,41.15
342,38,0,228,0,932,670,,52.12
427.5,47.5,0,228,0,932,594,,37.43
475,0,0,228,0,932,594,,38.6
304,76,0,228,0,932,670,,55.26
266,114,0,228,0,932,670,,52.91
198.6,132.4,0,192,0,978.4,825.5,,41.72
475,0,0,228,0,932,594,,42.13
190,190,0,,0,932,670,,53.69
237.5,237.5,0,,0,932,594,,38.41
237.5,237.5,0,228,0,932,594,,30.08
332.5,142.5,0,228,0,932,594,,37.72
475,0,0,228,0,932,594,,42.23
237.5,237.5,0,228,0,932,594,,36.25
342,38,0,228,0,932,670,,50.46
427.5,47.5,0,228,0,932,594,,43.7
237.5,237.5,0,228,0,932,594,,39
380,0,0,228,0,932,670,,53.1
427.5,47.5,0,228,0,932,594,,41.54
427.5,47.5,0,228,0,932,594,,35.08
349,0,0,192,0,1047,806.9,,15.05
380,95,0,228,0,932,594,,40.76
237.5,237.5,0,228,0,932,594,,26.26
380,95,0,228,0,932,594,,32.82
332.5,142.5,0,228,0,932,594,,39.78
190,190,0,228,0,932,670,,46.93
237.5,237.5,0,228,0,932,594,,33.12
304,76,0,228,0,932,670,,49.19
139.6,209.4,0,192,0,1047,806.9,,14.59
198.6,132.4,0,192,0,978.4,825.5,,14.64
475,0,0,228,0,932,594,,41.93
198.6,132.4,0,192,0,978.4,825.5,,9.13
304,76,0,228,0,932,670,,50.95
332.5,142.5,0,228,0,932,594,,33.02
304,76,0,228,0,932,670,,54.38
266,114,0,228,0,932,670,,51.73
310,0,0,192,0,971,850.6,,9.87
190,190,0,228,0,932,670,,50.66
266,114,0,228,0,932,670,,48.7
342,38,0,228,0,932,670,,55.06
139.6,209.4,0,192,0,1047,806.9,,44.7
332.5,142.5,0,228,0,932,594,,30.28
190,190,0,228,0,932,670,,40.86
485,0,0,146,0,1120,800,,71.99
374,189.2,0,170.1,10.1,926.1,756.7,,34.4
313.3,262.2,0,175.5,8.6,1046.9,611.8,,28.8
425,106.3,0,153.5,16.5,852.1,887.1,,33.4
425,106.3,0,151.4,18.6,936,803.7,,36.3
375,93.8,0,126.6,23.4,852.1,992.6,,29
475,118.8,0,181.1,8.9,852.1,781.5,,37.8
469,117.2,0,137.8,32.2,852.1,840.5,,40.2
425,106.3,0,153.5,16.5,852.1,887.1,,33.4
388.6,97.1,0,157.9,12.1,852.1,925.7,,28.1
531.3,0,0,141.8,28.2,852.1,893.7,,41.3
425,106.3,0,153.5,16.5,852.1,887.1,,33.4
318.8,212.5,0,155.7,14.3,852.1,880.4,,25.2
401.8,94.7,0,147.4,11.4,946.8,852.1,,41.1
362.6,189,0,164.9,11.6,944.7,755.8,,35.3
323.7,282.8,0,183.8,10.3,942.7,659.9,,28.3
379.5,151.2,0,153.9,15.9,1134.3,605,,28.6
362.6,189,0,164.9,11.6,944.7,755.8,,35.3
286.3,200.9,0,144.7,11.2,1004.6,803.7,,24.4
362.6,189,0,164.9,11.6,944.7,755.8,,35.3
439,177,0,186,11.1,884.9,707.9,,39.3
389.9,189,0,145.9,22,944.7,755.8,,40.6
362.6,189,0,164.9,11.6,944.7,755.8,,35.3
337.9,189,0,174.9,9.5,944.7,755.8,,24.1
374,189.2,0,170.1,10.1,926.1,756.7,,46.2
313.3,262.2,0,175.5,8.6,1046.9,611.8,,42.8
425,106.3,0,153.5,16.5,852.1,887.1,,49.2
425,106.3,0,151.4,18.6,936,803.7,,46.8
375,93.8,0,126.6,23.4,852.1,992.6,,45.7
475,118.8,0,181.1,8.9,852.1,781.5,,55.6
469,117.2,0,137.8,32.2,852.1,840.5,,54.9
425,106.3,0,153.5,16.5,852.1,887.1,,49.2
388.6,97.1,0,157.9,12.1,852.1,925.7,,34.9
531.3,0,0,141.8,28.2,852.1,893.7,,46.9
425,106.3,0,153.5,16.5,852.1,887.1,,49.2
318.8,212.5,0,155.7,14.3,852.1,880.4,,33.4
401.8,94.7,0,147.4,11.4,946.8,852.1,,54.1
362.6,189,0,164.9,11.6,944.7,755.8,,55.9
323.7,282.8,0,183.8,10.3,942.7,659.9,,49.8
379.5,151.2,0,153.9,15.9,1134.3,605,,47.1
362.6,189,0,164.9,11.6,944.7,755.8,,55.9
286.3,200.9,0,144.7,11.2,1004.6,803.7,,38
362.6,189,0,164.9,11.6,944.7,755.8,,55.9
439,177,0,186,11.1,884.9,707.9,,56.1
389.9,189,0,145.9,22,944.7,755.8,,59.09
362.6,189,0,164.9,11.6,944.7,755.8,,22.9
337.9,189,0,174.9,9.5,944.7,755.8,,35.1
374,189.2,0,170.1,10.1,926.1,756.7,,61.09
313.3,262.2,0,175.5,8.6,1046.9,611.8,,59.8
425,106.3,0,153.5,16.5,852.1,887.1,,60.29
425,106.3,0,151.4,18.6,936,803.7,,61.8
375,93.8,0,126.6,23.4,852.1,992.6,,56.7
475,118.8,0,181.1,8.9,852.1,781.5,,68.3
469,117.2,0,137.8,32.2,852.1,840.5,,66.9
425,106.3,0,153.5,16.5,852.1,887.1,,60.29
388.6,97.1,0,157.9,12.1,852.1,925.7,,50.7
531.3,0,0,141.8,28.2,852.1,893.7,,56.4
425,106.3,0,153.5,16.5,852.1,887.1,,60.29
318.8,212.5,0,155.7,14.3,852.1,880.4,,55.5
401.8,94.7,0,147.4,11.4,946.8,852.1,,68.5
362.6,189,0,164.9,11.6,944.7,755.8,,71.3
323.7,282.8,0,183.8,10.3,942.7,659.9,,74.7
379.5,151.2,0,153.9,15.9,1134.3,605,,52.2
362.6,189,0,164.9,11.6,944.7,755.8,,71.3
286.3,200.9,0,144.7,11.2,1004.6,803.7,,67.7
362.6,189,0,164.9,11.6,944.7,755.8,,71.3
439,177,0,186,11.1,884.9,707.9,,66
389.9,189,0,145.9,22,944.7,755.8,,74.5
362.6,189,0,164.9,11.6,944.7,755.8,,71.3
337.9,189,0,174.9,9.5,944.7,755.8,,49.9
374,189.2,0,170.1,10.1,926.1,756.7,,63.4
313.3,262.2,0,175.5,8.6,1046.9,611.8,,64.9
425,106.3,0,153.5,16.5,852.1,887.1,,64.3
425,106.3,0,151.4,18.6,936,803.7,,64.9
375,93.8,0,126.6,23.4,852.1,992.6,,60.2
475,118.8,0,181.1,8.9,852.1,781.5,,72.3
469,117.2,0,137.8,32.2,852.1,840.5,,69.3
425,106.3,0,153.5,16.5,852.1,887.1,,64.3
388.6,97.1,0,157.9,12.1,852.1,925.7,,55.2
531.3,0,0,141.8,28.2,852.1,893.7,,58.8
425,106.3,0,153.5,16.5,852.1,887.1,,64.3
318.8,212.5,0,155.7,14.3,852.1,880.4,,66.1
401.8,94.7,0,147.4,11.4,946.8,852.1,,73.7
362.6,189,0,164.9,11.6,944.7,755.8,,77.3
323.7,282.8,0,183.8,10.3,942.7,659.9,,80.2
379.5,151.2,0,153.9,15.9,1134.3,605,,54.9
362.6,189,0,164.9,11.6,944.7,755.8,,77.3
286.3,200.9,0,144.7,11.2,1004.6,803.7,,72.99
362.6,189,0,164.9,11.6,944.7,755.8,,77.3
439,177,0,186,11.1,884.9,707.9,,71.7
389.9,189,0,145.9,22,944.7,755.8,,79.4
362.6,189,0,164.9,11.6,944.7,755.8,,77.3
337.9,189,0,174.9,9.5,944.7,755.8,,59.89
374,189.2,0,170.1,10.1,926.1,756.7,,64.9
313.3,262.2,0,175.5,8.6,1046.9,611.8,,66.6
425,106.3,0,153.5,16.5,852.1,887.1,,65.2
425,106.3,0,151.4,18.6,936,803.7,,66.7
375,93.8,0,126.6,23.4,852.1,992.6,,62.5
475,118.8,0,181.1,8.9,852.1,781.5,,74.19
469,117.2,0,137.8,32.2,852.1,840.5,,70.7
425,106.3,0,153.5,16.5,852.1,887.1,,65.2
388.6,97.1,0,157.9,12.1,852.1,925.7,,57.6
531.3,0,0,141.8,28.2,852.1,893.7,,59.2
425,106.3,0,153.5,16.5,852.1,887.1,,65.2
318.8,212.5,0,155.7,14.3,852.1,880.4,,68.1
401.8,94.7,0,147.4,11.4,946.8,852.1,,75.5
362.6,189,0,164.9,11.6,944.7,755.8,,79.3
379.5,151.2,0,153.9,15.9,1134.3,605,,56.5
362.6,189,0,164.9,11.6,944.7,755.8,,79.3
286.3,200.9,0,144.7,11.2,1004.6,803.7,,76.8
362.6,189,0,164.9,11.6,944.7,755.8,,79.3
439,177,0,186,11.1,884.9,707.9,,73.3
389.9,189,0,145.9,22,944.7,755.8,,82.6
362.6,189,0,164.9,11.6,944.7,755.8,,79.3
337.9,189,0,174.9,9.5,944.7,755.8,,67.8
222.4,0,96.7,189.3,4.5,967.1,870.3,,11.58
222.4,0,96.7,189.3,4.5,967.1,870.3,,24.45
222.4,0,96.7,189.3,4.5,967.1,870.3,,24.89
222.4,0,96.7,189.3,4.5,967.1,870.3,,29.45
222.4,0,96.7,189.3,4.5,967.1,870.3,,40.71
233.8,0,94.6,197.9,4.6,947,852.2,,10.38
233.8,0,94.6,197.9,4.6,947,852.2,,22.14
233.8,0,94.6,197.9,4.6,947,852.2,,22.84
233.8,0,94.6,197.9,4.6,947,852.2,,27.66
233.8,0,94.6,197.9,4.6,947,852.2,,34.56
194.7,0,100.5,165.6,7.5,1006.4,905.9,,12.45
194.7,0,100.5,165.6,7.5,1006.4,905.9,,24.99
194.7,0,100.5,165.6,7.5,1006.4,905.9,,25.72
194.7,0,100.5,165.6,7.5,1006.4,905.9,,33.96
194.7,0,100.5,165.6,7.5,1006.4,905.9,,37.34
190.7,0,125.4,162.1,7.8,1090,804,,15.04
190.7,0,125.4,162.1,7.8,1090,804,,21.06
190.7,0,125.4,162.1,7.8,1090,804,,26.4
190.7,0,125.4,162.1,7.8,1090,804,,35.34
190.7,0,125.4,162.1,7.8,1090,804,,40.57
212.1,0,121.6,180.3,5.7,1057.6,779.3,,12.47
212.1,0,121.6,180.3,5.7,1057.6,779.3,,20.92
212.1,0,121.6,180.3,5.7,1057.6,779.3,,24.9
212.1,0,121.6,180.3,5.7,1057.6,779.3,,34.2
212.1,0,121.6,180.3,5.7,1057.6,779.3,,39.61
230,0,118.3,195.5,4.6,1029.4,758.6,,10.03
230,0,118.3,195.5,4.6,1029.4,758.6,,20.08
230,0,118.3,195.5,4.6,1029.4,758.6,,24.48
230,0,118.3,195.5,4.6,1029.4,758.6,,31.54
230,0,118.3,195.5,4.6,1029.4,758.6,,35.34
190.3,0,125.2,161.9,9.9,1088.1,802.6,,9.45
190.3,0,125.2,161.9,9.9,1088.1,802.6,,22.72
190.3,0,125.2,161.9,9.9,1088.1,802.6,,28.47
190.3,0,125.2,161.9,9.9,1088.1,802.6,,38.56
190.3,0,125.2,161.9,9.9,1088.1,802.6,,40.39
166.1,0,163.3,176.5,4.5,1058.6,780.1,,10.76
166.1,0,163.3,176.5,4.5,1058.6,780.1,,25.48
166.1,0,163.3,176.5,4.5,1058.6,780.1,,21.54
166.1,0,163.3,176.5,4.5,1058.6,780.1,,28.63
166.1,0,163.3,176.5,4.5,1058.6,780.1,,33.54
168,42.1,163.8,121.8,5.7,1058.7,780.1,,7.75
168,42.1,163.8,121.8,5.7,1058.7,780.1,,17.82
168,42.1,163.8,121.8,5.7,1058.7,780.1,,24.24
168,42.1,163.8,121.8,5.7,1058.7,780.1,,32.85
168,42.1,163.8,121.8,5.7,1058.7,780.1,,39.23
213.7,98.1,24.5,181.7,6.9,1065.8,785.4,,18
213.7,98.1,24.5,181.7,6.9,1065.8,785.4,,30.39
213.7,98.1,24.5,181.7,6.9,1065.8,785.4,,45.71
213.7,98.1,24.5,181.7,6.9,1065.8,785.4,,50.77
213.7,98.1,24.5,181.7,6.9,1065.8,785.4,,53.9
213.8,98.1,24.5,181.7,6.7,1066,785.5,,13.18
213.8,98.1,24.5,181.7,6.7,1066,785.5,,17.84
213.8,98.1,24.5,181.7,6.7,1066,785.5,,40.23
213.8,98.1,24.5,181.7,6.7,1066,785.5,,47.13
213.8,98.1,24.5,181.7,6.7,1066,785.5,,49.97
229.7,0,118.2,195.2,6.1,1028.1,757.6,,13.36
229.7,0,118.2,195.2,6.1,1028.1,757.6,,22.32
229.7,0,118.2,195.2,6.1,1028.1,757.6,,24.54
229.7,0,118.2,195.2,6.1,1028.1,757.6,,31.35
229.7,0,118.2,195.2,6.1,1028.1,757.6,,40.86
238.1,0,94.1,186.7,7,949.9,847,,19.93
238.1,0,94.1,186.7,7,949.9,847,,25.69
238.1,0,94.1,186.7,7,949.9,847,,30.23
238.1,0,94.1,186.7,7,949.9,847,,39.59
238.1,0,94.1,186.7,7,949.9,847,,44.3
250,0,95.7,187.4,5.5,956.9,861.2,,13.82
250,0,95.7,187.4,5.5,956.9,861.2,,24.92
250,0,95.7,187.4,5.5,956.9,861.2,,29.22
250,0,95.7,187.4,5.5,956.9,861.2,,38.33
250,0,95.7,187.4,5.5,956.9,861.2,,42.35
212.5,0,100.4,159.3,8.7,1007.8,903.6,,13.54
212.5,0,100.4,159.3,8.7,1007.8,903.6,,26.31
212.5,0,100.4,159.3,8.7,1007.8,903.6,,31.64
212.5,0,100.4,159.3,8.7,1007.8,903.6,,42.55
212.5,0,100.4,159.3,8.7,1007.8,903.6,,42.92
212.6,0,100.4,159.4,10.4,1003.8,903.8,,13.33
212.6,0,100.4,159.4,10.4,1003.8,903.8,,25.37
212.6,0,100.4,159.4,10.4,1003.8,903.8,,37.4
212.6,0,100.4,159.4,10.4,1003.8,903.8,,44.4
212.6,0,100.4,159.4,10.4,1003.8,903.8,,47.74
212,0,124.8,159,7.8,1085.4,799.5,,19.52
212,0,124.8,159,7.8,1085.4,799.5,,31.35
212,0,124.8,159,7.8,1085.4,799.5,,38.5
212,0,124.8,159,7.8,1085.4,799.5,,45.08
212,0,124.8,159,7.8,1085.4,799.5,,47.82
231.8,0,121.6,174,6.7,1056.4,778.5,,15.44
231.8,0,121.6,174,6.7,1056.4,778.5,,26.77
231.8,0,121.6,174,6.7,1056.4,778.5,,33.73
231.8,0,121.6,174,6.7,1056.4,778.5,,42.7
231.8,0,121.6,174,6.7,1056.4,778.5,,45.84
251.4,0,118.3,188.5,5.8,1028.4,757.7,,17.22
251.4,0,118.3,188.5,5.8,1028.4,757.7,,29.93
251.4,0,118.3,188.5,5.8,1028.4,757.7,,29.65
251.4,0,118.3,188.5,5.8,1028.4,757.7,,36.97
251.4,0,118.3,188.5,5.8,1028.4,757.7,,43.58
251.4,0,118.3,188.5,6.4,1028.4,757.7,,13.12
251.4,0,118.3,188.5,6.4,1028.4,757.7,,24.43
251.4,0,118.3,188.5,6.4,1028.4,757.7,,32.66
251.4,0,118.3,188.5,6.4,1028.4,757.7,,36.64
251.4,0,118.3,188.5,6.4,1028.4,757.7,,44.21
181.4,0,167,169.6,7.6,1055.6,777.8,,13.62
181.4,0,167,169.6,7.6,1055.6,777.8,,21.6
181.4,0,167,169.6,7.6,1055.6,777.8,,27.77
181.4,0,167,169.6,7.6,1055.6,777.8,,35.57
181.4,0,167,169.6,7.6,1055.6,777.8,,45.37
182,45.2,122,170.2,8.2,1059.4,780.7,,7.32
182,45.2,122,170.2,8.2,1059.4,780.7,,21.5
182,45.2,122,170.2,8.2,1059.4,780.7,,31.27
182,45.2,122,170.2,8.2,1059.4,780.7,,43.5
182,45.2,122,170.2,8.2,1059.4,780.7,,48.67
168.9,42.2,124.3,158.3,10.8,1080.8,796.2,,7.4
168.9,42.2,124.3,158.3,10.8,1080.8,796.2,,23.51
168.9,42.2,124.3,158.3,10.8,1080.8,796.2,,31.12
168.9,42.2,124.3,158.3,10.8,1080.8,796.2,,39.15
168.9,42.2,124.3,158.3,10.8,1080.8,796.2,,48.15
290.4,0,96.2,168.1,9.4,961.2,865,,22.5
290.4,0,96.2,168.1,9.4,961.2,865,,34.67
290.4,0,96.2,168.1,9.4,961.2,865,,34.74
290.4,0,96.2,168.1,9.4,961.2,865,,45.08
290.4,0,96.2,168.1,9.4,961.2,865,,48.97
277.1,0,97.4,160.6,11.8,973.9,875.6,,23.14
277.1,0,97.4,160.6,11.8,973.9,875.6,,41.89
277.1,0,97.4,160.6,11.8,973.9,875.6,,48.28
277.1,0,97.4,160.6,11.8,973.9,875.6,,51.04
277.1,0,97.4,160.6,11.8,973.9,875.6,,55.64
295.7,0,95.6,171.5,8.9,955.1,859.2,,22.95
295.7,0,95.6,171.5,8.9,955.1,859.2,,35.23
295.7,0,95.6,171.5,8.9,955.1,859.2,,39.94
295.7,0,95.6,171.5,8.9,955.1,859.2,,48.72
295.7,0,95.6,171.5,8.9,955.1,859.2,,52.04
251.8,0,99.9,146.1,12.4,1006,899.8,,21.02
251.8,0,99.9,146.1,12.4,1006,899.8,,33.36
251.8,0,99.9,146.1,12.4,1006,899.8,,33.94
251.8,0,99.9,146.1,12.4,1006,899.8,,44.14
251.8,0,99.9,146.1,12.4,1006,899.8,,45.37
249.1,0,98.8,158.1,12.8,987.8,889,,15.36
249.1,0,98.8,158.1,12.8,987.8,889,,28.68
249.1,0,98.8,158.1,12.8,987.8,889,,30.85
249.1,0,98.8,158.1,12.8,987.8,889,,42.03
249.1,0,98.8,158.1,12.8,987.8,889,,51.06
252.3,0,98.8,146.3,14.2,987.8,889,,21.78
252.3,0,98.8,146.3,14.2,987.8,889,,42.29
252.3,0,98.8,146.3,14.2,987.8,889,,50.6
252.3,0,98.8,146.3,14.2,987.8,889,,55.83
252.3,0,98.8,146.3,14.2,987.8,889,,60.95
246.8,0,125.1,143.3,12,1086.8,800.9,,23.52
246.8,0,125.1,143.3,12,1086.8,800.9,,42.22
246.8,0,125.1,143.3,12,1086.8,800.9,,52.5
246.8,0,125.1,143.3,12,1086.8,800.9,,60.32
246.8,0,125.1,143.3,12,1086.8,800.9,,66.42
275.1,0,121.4,159.5,9.9,1053.6,777.5,,23.8
275.1,0,121.4,159.5,9.9,1053.6,777.5,,38.77
275.1,0,121.4,159.5,9.9,1053.6,777.5,,51.33
275.1,0,121.4,159.5,9.9,1053.6,777.5,,56.85
275.1,0,121.4,159.5,9.9,1053.6,777.5,,58.61
297.2,0,117.5,174.8,9.5,1022.8,753.5,,21.91
297.2,0,117.5,174.8,9.5,1022.8,753.5,,36.99
297.2,0,117.5,174.8,9.5,1022.8,753.5,,47.4
297.2,0,117.5,174.8,9.5,1022.8,753.5,,51.96
297.2,0,117.5,174.8,9.5,1022.8,753.5,,56.74
213.7,0,174.7,154.8,10.2,1053.5,776.4,,17.57
213.7,0,174.7,154.8,10.2,1053.5,776.4,,33.73
213.7,0,174.7,154.8,10.2,1053.5,776.4,,40.15
213.7,0,174.7,154.8,10.2,1053.5,776.4,,46.64
213.7,0,174.7,154.8,10.2,1053.5,776.4,,50.08
213.5,0,174.2,154.6,11.7,1052.3,775.5,,17.37
213.5,0,174.2,154.6,11.7,1052.3,775.5,,33.7
213.5,0,174.2,154.6,11.7,1052.3,775.5,,45.94
213.5,0,174.2,154.6,11.7,1052.3,775.5,,51.43
213.5,0,174.2,154.6,11.7,1052.3,775.5,,59.3
277.2,97.8,24.5,160.7,11.2,1061.7,782.5,,30.45
277.2,97.8,24.5,160.7,11.2,1061.7,782.5,,47.71
277.2,97.8,24.5,160.7,11.2,1061.7,782.5,,63.14
277.2,97.8,24.5,160.7,11.2,1061.7,782.5,,66.82
277.2,97.8,24.5,160.7,11.2,1061.7,782.5,,66.95
218.2,54.6,123.8,140.8,11.9,1075.7,792.7,,27.42
218.2,54.6,123.8,140.8,11.9,1075.7,792.7,,35.96
218.2,54.6,123.8,140.8,11.9,1075.7,792.7,,55.51
218.2,54.6,123.8,140.8,11.9,1075.7,792.7,,61.99
218.2,54.6,123.8,140.8,11.9,1075.7,792.7,,63.53
214.9,53.8,121.9,155.6,9.6,1014.3,780.6,,18.02
214.9,53.8,121.9,155.6,9.6,1014.3,780.6,,38.6
214.9,53.8,121.9,155.6,9.6,1014.3,780.6,,52.2
214.9,53.8,121.9,155.6,9.6,1014.3,780.6,,53.96
214.9,53.8,121.9,155.6,9.6,1014.3,780.6,,56.63
218.9,0,124.1,158.5,11.3,1078.7,794.9,,15.34
218.9,0,124.1,158.5,11.3,1078.7,794.9,,26.05
218.9,0,124.1,158.5,11.3,1078.7,794.9,,30.22
218.9,0,124.1,158.5,11.3,1078.7,794.9,,37.27
218.9,0,124.1,158.5,11.3,1078.7,794.9,,46.23
376,0,0,214.6,0,1003.5,762.4,,16.28
376,0,0,214.6,0,1003.5,762.4,,25.62
376,0,0,214.6,0,1003.5,762.4,,31.97
376,0,0,214.6,0,1003.5,762.4,,36.3
376,0,0,214.6,0,1003.5,762.4,,43.06
500,0,0,140,4,966,853,,67.57
475,0,59,142,1.9,1098,641,,57.23
315,137,0,145,5.9,1130,745,,81.75
505,0,60,195,0,1030,630,,64.02
451,0,0,165,11.3,1030,745,,78.8
516,0,0,162,8.2,801,802,,41.37
520,0,0,170,5.2,855,855,,60.28
528,0,0,185,6.9,920,720,,56.83
520,0,0,175,5.2,870,805,,51.02
385,0,136,158,20,903,768,,55.55
500.1,0,0,200,3,1124.4,613.2,,44.13
450.1,50,0,200,3,1124.4,613.2,,39.38
397,17.2,158,167,20.8,967,633,,55.65
333,17.5,163,167,17.9,996,652,,47.28
334,17.6,158,189,15.3,967,633,,44.33
405,0,0,175,0,1120,695,,52.3
200,200,0,190,0,1145,660,,49.25
516,0,0,162,8.3,801,802,,41.37
145,116,119,184,5.7,833,880,,29.16
160,128,122,182,6.4,824,879,,39.4
234,156,0,189,5.9,981,760,,39.3
250,180,95,159,9.5,860,800,,67.87
475,0,0,162,9.5,1044,662,,58.52
285,190,0,163,7.6,1031,685,,53.58
356,119,0,160,9,1061,657,,59
275,180,120,162,10.4,830,765,,76.24
500,0,0,151,9,1033,655,,69.84
165,0,143.6,163.8,0,1005.6,900.9,,14.4
165,128.5,132.1,175.1,8.1,1005.8,746.6,,19.42
178,129.8,118.6,179.9,3.6,1007.3,746.8,,20.73
167.4,129.9,128.6,175.5,7.8,1006.3,746.6,,14.94
172.4,13.6,172.4,156.8,4.1,1006.3,856.4,,21.29
173.5,50.1,173.5,164.8,6.5,1006.2,793.5,,23.08
167,75.4,167,164,7.9,1007.3,770.1,,15.52
173.8,93.4,159.9,172.3,9.7,1007.2,746.6,,15.82
190.3,0,125.2,166.6,9.9,1079,798.9,,12.55
250,0,95.7,191.8,5.3,948.9,857.2,,8.49
213.5,0,174.2,159.2,11.7,1043.6,771.9,,15.61
194.7,0,100.5,170.2,7.5,998,901.8,,12.18
251.4,0,118.3,192.9,5.8,1043.6,754.3,,11.98
165,0,143.6,163.8,0,1005.6,900.9,,16.88
165,128.5,132.1,175.1,8.1,1005.8,746.6,,33.09
178,129.8,118.6,179.9,3.6,1007.3,746.8,,34.24
167.4,129.9,128.6,175.5,7.8,1006.3,746.6,,31.81
172.4,13.6,172.4,156.8,4.1,1006.3,856.4,,29.75
173.5,50.1,173.5,164.8,6.5,1006.2,793.5,,33.01
167,75.4,167,164,7.9,1007.3,770.1,,32.9
173.8,93.4,159.9,172.3,9.7,1007.2,746.6,,29.55
190.3,0,125.2,166.6,9.9,1079,798.9,,19.42
250,0,95.7,191.8,5.3,948.9,857.2,,24.66
213.5,0,174.2,159.2,11.7,1043.6,771.9,,29.59
194.7,0,100.5,170.2,7.5,998,901.8,,24.28
251.4,0,118.3,192.9,5.8,1043.6,754.3,,20.73
165,0,143.6,163.8,0,1005.6,900.9,,26.2
165,128.5,132.1,175.1,8.1,1005.8,746.6,,46.39
178,129.8,118.6,179.9,3.6,1007.3,746.8,,39.16
167.4,129.9,128.6,175.5,7.8,1006.3,746.6,,41.2
172.4,13.6,172.4,156.8,4.1,1006.3,856.4,,33.69
173.5,50.1,173.5,164.8,6.5,1006.2,793.5,,38.2
167,75.4,167,164,7.9,1007.3,770.1,,41.41
173.8,93.4,159.9,172.3,9.7,1007.2,746.6,,37.81
190.3,0,125.2,166.6,9.9,1079,798.9,,24.85
250,0,95.7,191.8,5.3,948.9,857.2,,27.22
213.5,0,174.2,159.2,11.7,1043.6,771.9,,44.64
194.7,0,100.5,170.2,7.5,998,901.8,,37.27
251.4,0,118.3,192.9,5.8,1043.6,754.3,,33.27
165,0,143.6,163.8,0,1005.6,900.9,,36.56
165,128.5,132.1,175.1,8.1,1005.8,746.6,,53.72
178,129.8,118.6,179.9,3.6,1007.3,746.8,,48.59
167.4,129.9,128.6,175.5,7.8,1006.3,746.6,,51.72
172.4,13.6,172.4,156.8,4.1,1006.3,856.4,,35.85
173.5,50.1,173.5,164.8,6.5,1006.2,793.5,,53.77
167,75.4,167,164,7.9,1007.3,770.1,,53.46
173.8,93.4,159.9,172.3,9.7,1007.2,746.6,,48.99
190.3,0,125.2,166.6,9.9,1079,798.9,,31.72
250,0,95.7,191.8,5.3,948.9,857.2,,39.64
213.5,0,174.2,159.2,11.7,1043.6,771.9,,51.26
194.7,0,100.5,170.2,7.5,998,901.8,,43.39
251.4,0,118.3,192.9,5.8,1043.6,754.3,,39.27
165,0,143.6,163.8,0,1005.6,900.9,,37.96
165,128.5,132.1,175.1,8.1,1005.8,746.6,,55.02
178,129.8,118.6,179.9,3.6,1007.3,746.8,,49.99
167.4,129.9,128.6,175.5,7.8,1006.3,746.6,,53.66
172.4,13.6,172.4,156.8,4.1,1006.3,856.4,,37.68
173.5,50.1,173.5,164.8,6.5,1006.2,793.5,,56.06
167,75.4,167,164,7.9,1007.3,770.1,,56.81
173.8,93.4,159.9,172.3,9.7,1007.2,746.6,,50.94
190.3,0,125.2,166.6,9.9,1079,798.9,,33.56
250,0,95.7,191.8,5.3,948.9,857.2,,41.16
213.5,0,174.2,159.2,11.7,1043.6,771.9,,52.96
194.7,0,100.5,170.2,7.5,998,901.8,,44.28
251.4,0,118.3,192.9,5.8,1043.6,754.3,,40.15
446,24,79,162,11.6,967,712,,57.03
446,24,79,162,11.6,967,712,,44.42
446,24,79,162,11.6,967,712,,51.02
446,24,79,162,10.3,967,712,,53.39
446,24,79,162,11.6,967,712,,35.36
446,24,79,162,11.6,967,712,,25.02
446,24,79,162,11.6,967,712,,23.35
446,24,79,162,11.6,967,712,,52.01
446,24,79,162,11.6,967,712,,38.02
446,24,79,162,11.6,967,712,,39.3
446,24,79,162,11.6,967,712,,61.07
446,24,79,162,11.6,967,712,,56.14
446,24,79,162,11.6,967,712,,55.25
446,24,79,162,10.3,967,712,,54.77
387,20,94,157,14.3,938,845,,50.24
387,20,94,157,13.9,938,845,,46.68
387,20,94,157,11.6,938,845,,46.68
387,20,94,157,14.3,938,845,,22.75
387,20,94,157,13.9,938,845,,25.51
387,20,94,157,11.6,938,845,,34.77
387,20,94,157,14.3,938,845,,36.84
387,20,94,157,13.9,938,845,,45.9
387,20,94,157,11.6,938,845,,41.67
387,20,94,157,14.3,938,845,,56.34
387,20,94,157,13.9,938,845,,47.97
387,20,94,157,11.6,938,845,,61.46
355,19,97,145,13.1,967,871,,44.03
355,19,97,145,12.3,967,871,,55.45
491,26,123,210,3.9,882,699,,55.55
491,26,123,201,3.9,822,699,,57.92
491,26,123,210,3.9,882,699,,25.61
491,26,123,210,3.9,882,699,,33.49
491,26,123,210,3.9,882,699,,59.59
491,26,123,201,3.9,822,699,,29.55
491,26,123,201,3.9,822,699,,37.92
491,26,123,201,3.9,822,699,,61.86
424,22,132,178,8.5,822,750,,62.05
424,22,132,178,8.5,882,750,,32.01
424,22,132,168,8.9,822,750,,72.1
424,22,132,178,8.5,822,750,,39
424,22,132,178,8.5,822,750,,65.7
424,22,132,168,8.9,822,750,,32.11
424,22,132,168,8.9,822,750,,40.29
424,22,132,168,8.9,822,750,,74.36
202,11,141,206,1.7,942,801,,21.97
202,11,141,206,1.7,942,801,,9.85
202,11,141,206,1.7,942,801,,15.07
202,11,141,206,1.7,942,801,,23.25
284,15,141,179,5.5,842,801,,43.73
284,15,141,179,5.5,842,801,,13.4
284,15,141,179,5.5,842,801,,24.13
284,15,141,179,5.5,842,801,,44.52
359,19,141,154,10.9,942,801,,62.94
359,19,141,154,10.9,942,801,,59.49
359,19,141,154,10.9,942,801,,25.12
359,19,141,154,10.9,942,801,,23.64
359,19,141,154,10.9,942,801,,35.75
359,19,141,154,10.9,942,801,,38.61
359,19,141,154,10.9,942,801,,68.75
359,19,141,154,10.9,942,801,,66.78
436,0,0,218,0,838.4,719.7,,23.85
289,0,0,192,0,913.2,895.3,,32.07
289,0,0,192,0,913.2,895.3,,11.65
393,0,0,192,0,940.6,785.6,,19.2
393,0,0,192,0,940.6,785.6,,48.85
393,0,0,192,0,940.6,785.6,,39.6
480,0,0,192,0,936.2,712.2,,43.94
480,0,0,192,0,936.2,712.2,,34.57
480,0,0,192,0,936.2,712.2,,54.32
480,0,0,192,0,936.2,712.2,,24.4
333,0,0,192,0,931.2,842.6,,15.62
255,0,0,192,0,889.8,945,,21.86
255,0,0,192,0,889.8,945,,10.22
289,0,0,192,0,913.2,895.3,,14.6
255,0,0,192,0,889.8,945,,18.75
333,0,0,192,0,931.2,842.6,,31.97
333,0,0,192,0,931.2,842.6,,23.4
289,0,0,192,0,913.2,895.3,,25.57
333,0,0,192,0,931.2,842.6,,41.68
393,0,0,192,0,940.6,785.6,,27.74
255,0,0,192,0,889.8,945,,8.2
158.8,238.2,0,185.7,0,1040.6,734.3,,9.62
239.6,359.4,0,185.7,0,941.6,664.3,,25.42
238.2,158.8,0,185.7,0,1040.6,734.3,,15.69
181.9,272.8,0,185.7,0,1012.4,714.3,,27.94
193.5,290.2,0,185.7,0,998.2,704.3,,32.63
255.5,170.3,0,185.7,0,1026.6,724.3,,17.24
272.8,181.9,0,185.7,0,1012.4,714.3,,19.77
239.6,359.4,0,185.7,0,941.6,664.3,,39.44
220.8,147.2,0,185.7,0,1055,744.3,,25.75
397,0,0,185.7,0,1040.6,734.3,,33.08
382.5,0,0,185.7,0,1047.8,739.3,,24.07
210.7,316.1,0,185.7,0,977,689.3,,21.82
158.8,238.2,0,185.7,0,1040.6,734.3,,21.07
295.8,0,0,185.7,0,1091.4,769.3,,14.84
255.5,170.3,0,185.7,0,1026.6,724.3,,32.05
203.5,135.7,0,185.7,0,1076.2,759.3,,11.96
397,0,0,185.7,0,1040.6,734.3,,25.45
381.4,0,0,185.7,0,1104.6,784.3,,22.49
295.8,0,0,185.7,0,1091.4,769.3,,25.22
228,342.1,0,185.7,0,955.8,674.3,,39.7
220.8,147.2,0,185.7,0,1055,744.3,,13.09
316.1,210.7,0,185.7,0,977,689.3,,38.7
135.7,203.5,0,185.7,0,1076.2,759.3,,7.51
238.1,0,0,185.7,0,1118.8,789.3,,17.58
339.2,0,0,185.7,0,1069.2,754.3,,21.18
135.7,203.5,0,185.7,0,1076.2,759.3,,18.2
193.5,290.2,0,185.7,0,998.2,704.3,,17.2
203.5,135.7,0,185.7,0,1076.2,759.3,,22.63
290.2,193.5,0,185.7,0,998.2,704.3,,21.86
181.9,272.8,0,185.7,0,1012.4,714.3,,12.37
170.3,155.5,0,185.7,0,1026.6,724.3,,25.73
210.7,316.1,0,185.7,0,977,689.3,,37.81
228,342.1,0,185.7,0,955.8,674.3,,21.92
290.2,193.5,0,185.7,0,998.2,704.3,,33.04
381.4,0,0,185.7,0,1104.6,784.3,,14.54
238.2,158.8,0,185.7,0,1040.6,734.3,,26.91
186.2,124.1,0,185.7,0,1083.4,764.3,,8
339.2,0,0,185.7,0,1069.2,754.3,,31.9
238.1,0,0,185.7,0,1118.8,789.3,,10.34
252.5,0,0,185.7,0,1111.6,784.3,,19.77
382.5,0,0,185.7,0,1047.8,739.3,,37.44
252.5,0,0,185.7,0,1111.6,784.3,,11.48
316.1,210.7,0,185.7,0,977,689.3,,24.44
186.2,124.1,0,185.7,0,1083.4,764.3,,17.6
170.3,155.5,0,185.7,0,1026.6,724.3,,10.73
272.8,181.9,0,185.7,0,1012.4,714.3,,31.38
339,0,0,197,0,968,781,,13.22
339,0,0,197,0,968,781,,20.97
339,0,0,197,0,968,781,,27.04
339,0,0,197,0,968,781,,32.04
339,0,0,197,0,968,781,,35.17
339,0,0,197,0,968,781,,36.45
339,0,0,197,0,968,781,,38.89
236,0,0,194,0,968,885,,6.47
236,0,0,194,0,968,885,,12.84
236,0,0,194,0,968,885,,18.42
236,0,0,194,0,968,885,,21.95
236,0,0,193,0,968,885,,24.1
236,0,0,193,0,968,885,,25.08
277,0,0,191,0,968,856,,21.26
277,0,0,191,0,968,856,,25.97
277,0,0,191,0,968,856,,11.36
277,0,0,191,0,968,856,,31.25
277,0,0,191,0,968,856,,32.33
277,0,0,191,0,968,856,,33.7
254,0,0,198,0,968,863,,9.31
254,0,0,198,0,968,863,,26.94
254,0,0,198,0,968,863,,27.63
254,0,0,198,0,968,863,,29.79
307,0,0,193,0,968,812,,34.49
307,0,0,193,0,968,812,,36.15
307,0,0,193,0,968,812,,12.54
307,0,0,193,0,968,812,,27.53
307,0,0,193,0,968,812,,32.92
236,0,0,193,0,968,885,,9.99
200,0,0,180,0,1125,845,,7.84
200,0,0,180,0,1125,845,,12.25
225,0,0,181,0,1113,833,,11.17
225,0,0,181,0,1113,833,,17.34
325,0,0,184,0,1063,783,,17.54
325,0,0,184,0,1063,783,,30.57
275,0,0,183,0,1088,808,,14.2
275,0,0,183,0,1088,808,,24.5
300,0,0,184,0,1075,795,,15.58
300,0,0,184,0,1075,795,,26.85
375,0,0,186,0,1038,758,,26.06
375,0,0,186,0,1038,758,,38.21
400,0,0,187,0,1025,745,,43.7
400,0,0,187,0,1025,745,,30.14
250,0,0,182,0,1100,820,,12.73
250,0,0,182,0,1100,820,,20.87
350,0,0,186,0,1050,770,,20.28
350,0,0,186,0,1050,770,,34.29
203.5,305.3,0,203.5,0,963.4,630,,19.54
250.2,166.8,0,203.5,0,977.6,694.1,,47.71
157,236,0,192,0,935.4,781.2,,43.38
141.3,212,0,203.5,0,971.8,748.5,,29.89
166.8,250.2,0,203.5,0,975.6,692.6,,6.9
122.6,183.9,0,203.5,0,958.2,800.1,,33.19
183.9,122.6,0,203.5,0,959.2,800,,4.9
102,153,0,192,0,887,942,,4.57
102,153,0,192,0,887,942,,25.46
122.6,183.9,0,203.5,0,958.2,800.1,,24.29
166.8,250.2,0,203.5,0,975.6,692.6,,33.95
200,133,0,192,0,965.4,806.2,,11.41
108.3,162.4,0,203.5,0,938.2,849,,20.59
305.3,203.5,0,203.5,0,965.4,631,,25.89
108.3,162.4,0,203.5,0,938.2,849,,29.23
116,173,0,192,0,909.8,891.9,,31.02
141.3,212,0,203.5,0,971.8,748.5,,10.39
157,236,0,192,0,935.4,781.2,,33.66
133,200,0,192,0,927.4,839.2,,27.87
250.2,166.8,0,203.5,0,977.6,694.1,,19.35
173,116,0,192,0,946.8,856.8,,11.39
192,288,0,192,0,929.8,716.1,,12.79
192,288,0,192,0,929.8,716.1,,39.32
153,102,0,192,0,888,943.1,,4.78
288,192,0,192,0,932,717.8,,16.11
305.3,203.5,0,203.5,0,965.4,631,,43.38
236,157,0,192,0,972.6,749.1,,20.42
173,116,0,192,0,946.8,856.8,,6.94
212,141.3,0,203.5,0,973.4,750,,15.03
236,157,0,192,0,972.6,749.1,,13.57
183.9,122.6,0,203.5,0,959.2,800,,32.53
166.8,250.2,0,203.5,0,975.6,692.6,,15.75
102,153,0,192,0,887,942,,7.68
288,192,0,192,0,932,717.8,,38.8
212,141.3,0,203.5,0,973.4,750,,33
102,153,0,192,0,887,942,,17.28
173,116,0,192,0,946.8,856.8,,24.28
183.9,122.6,0,203.5,0,959.2,800,,24.05
133,200,0,192,0,927.4,839.2,,36.59
192,288,0,192,0,929.8,716.1,,50.73
133,200,0,192,0,927.4,839.2,,13.66
305.3,203.5,0,203.5,0,965.4,631,,14.14
236,157,0,192,0,972.6,749.1,,47.78
108.3,162.4,0,203.5,0,938.2,849,,2.33
157,236,0,192,0,935.4,781.2,,16.89
288,192,0,192,0,932,717.8,,23.52
212,141.3,0,203.5,0,973.4,750,,6.81
212,141.3,0,203.5,0,973.4,750,,39.7
153,102,0,192,0,888,943.1,,17.96
236,157,0,192,0,972.6,749.1,,32.88
116,173,0,192,0,909.8,891.9,,22.35
183.9,122.6,0,203.5,0,959.2,800,,10.79
108.3,162.4,0,203.5,0,938.2,849,,7.72
203.5,305.3,0,203.5,0,963.4,630,,41.68
203.5,305.3,0,203.5,0,963.4,630,,9.56
133,200,0,192,0,927.4,839.2,,6.88
288,192,0,192,0,932,717.8,,50.53
200,133,0,192,0,965.4,806.2,,17.17
200,133,0,192,0,965.4,806.2,,30.44
250.2,166.8,0,203.5,0,977.6,694.1,,9.73
122.6,183.9,0,203.5,0,958.2,800.1,,3.32
153,102,0,192,0,888,943.1,,26.32
200,133,0,192,0,965.4,806.2,,43.25
116,173,0,192,0,909.8,891.9,,6.28
173,116,0,192,0,946.8,856.8,,32.1
250.2,166.8,0,203.5,0,977.6,694.1,,36.96
305.3,203.5,0,203.5,0,965.4,631,,54.6
192,288,0,192,0,929.8,716.1,,21.48
157,236,0,192,0,935.4,781.2,,9.69
153,102,0,192,0,888,943.1,,8.37
141.3,212,0,203.5,0,971.8,748.5,,39.66
116,173,0,192,0,909.8,891.9,,10.09
141.3,212,0,203.5,0,971.8,748.5,,4.83
122.6,183.9,0,203.5,0,958.2,800.1,,10.35
166.8,250.2,0,203.5,0,975.6,692.6,,43.57
203.5,305.3,0,203.5,0,963.4,630,,51.86
310,0,0,192,0,1012,830,,11.85
310,0,0,192,0,1012,830,,17.24
310,0,0,192,0,1012,830,,27.83
310,0,0,192,0,1012,830,,35.76
310,0,0,192,0,1012,830,,38.7
331,0,0,192,0,1025,821,,14.31
331,0,0,192,0,1025,821,,17.44
331,0,0,192,0,1025,821,,31.74
331,0,0,192,0,1025,821,,37.91
331,0,0,192,0,1025,821,,39.38
349,0,0,192,0,1056,809,,15.87
349,0,0,192,0,1056,809,,9.01
349,0,0,192,0,1056,809,,33.61
349,0,0,192,0,1056,809,,40.66
349,0,0,192,0,1056,809,,40.86
238,0,0,186,0,1119,789,,12.05
238,0,0,186,0,1119,789,,17.54
296,0,0,186,0,1090,769,,18.91
296,0,0,186,0,1090,769,,25.18
297,0,0,186,0,1040,734,,30.96
480,0,0,192,0,936,721,,43.89
480,0,0,192,0,936,721,,54.28
397,0,0,186,0,1040,734,,36.94
281,0,0,186,0,1104,774,,14.5
281,0,0,185,0,1104,774,,22.44
500,0,0,200,0,1125,613,,12.64
500,0,0,200,0,1125,613,,26.06
500,0,0,200,0,1125,613,,33.21
500,0,0,200,0,1125,613,,36.94
500,0,0,200,0,1125,613,,44.09
540,0,0,173,0,1125,613,,52.61
540,0,0,173,0,1125,613,,59.76
540,0,0,173,0,1125,613,,67.31
540,0,0,173,0,1125,613,,69.66
540,0,0,173,0,1125,613,,71.62
540,0,0,173,0,1125,613,,74.17
350,0,0,203,0,974,775,,18.13
350,0,0,203,0,974,775,,22.53
350,0,0,203,0,974,775,,27.34
350,0,0,203,0,974,775,,29.98
350,0,0,203,0,974,775,,31.35
350,0,0,203,0,974,775,,32.72
385,0,0,186,0,966,763,,6.27
385,0,0,186,0,966,763,,14.7
385,0,0,186,0,966,763,,23.22
385,0,0,186,0,966,763,,27.92
385,0,0,186,0,966,763,,31.35
331,0,0,192,0,978,825,,39
331,0,0,192,0,978,825,,41.24
349,0,0,192,0,1047,806,,14.99
331,0,0,192,0,978,825,,13.52
382,0,0,186,0,1047,739,,24
382,0,0,186,0,1047,739,,37.42
382,0,0,186,0,1111,784,,11.47
281,0,0,186,0,1104,774,,22.44
339,0,0,185,0,1069,754,,21.16
339,0,0,185,0,1069,754,,31.84
295,0,0,185,0,1069,769,,14.8
295,0,0,185,0,1069,769,,25.18
238,0,0,185,0,1118,789,,17.54
296,0,0,192,0,1085,765,,14.2
296,0,0,192,0,1085,765,,21.65
296,0,0,192,0,1085,765,,29.39
331,0,0,192,0,879,825,,13.52
331,0,0,192,0,978,825,,16.26
331,0,0,192,0,978,825,,31.45
331,0,0,192,0,978,825,,37.23
349,0,0,192,0,1047,806,,18.13
349,0,0,192,0,1047,806,,32.72
349,0,0,192,0,1047,806,,39.49
349,0,0,192,0,1047,806,,41.05
349,0,0,192,0,1047,806,,42.13
302,0,0,203,0,974,817,,18.13
302,0,0,203,0,974,817,,26.74
525,0,0,189,0,1125,613,,61.92
500,0,0,200,0,1125,613,,47.22
500,0,0,200,0,1125,613,,51.04
500,0,0,200,0,1125,613,,55.16
540,0,0,173,0,1125,613,,41.64
252,0,0,185,0,1111,784,,13.71
252,0,0,185,0,1111,784,,19.69
339,0,0,185,0,1060,754,,31.65
393,0,0,192,0,940,758,,19.11
393,0,0,192,0,940,758,,39.58
393,0,0,192,0,940,758,,48.79
382,0,0,185,0,1047,739,,24
382,0,0,185,0,1047,739,,37.42
252,0,0,186,0,1111,784,,11.47
252,0,0,185,0,1111,784,,19.69
310,0,0,192,0,970,850,,14.99
310,0,0,192,0,970,850,,27.92
310,0,0,192,0,970,850,,34.68
310,0,0,192,0,970,850,,37.33
310,0,0,192,0,970,850,,38.11
525,0,0,189,0,1125,613,,33.8
525,0,0,189,0,1125,613,,42.42
525,0,0,189,0,1125,613,,48.4
525,0,0,189,0,1125,613,,55.94
525,0,0,189,0,1125,613,,58.78
525,0,0,189,0,1125,613,,67.11
322,0,0,203,0,974,800,,20.77
322,0,0,203,0,974,800,,25.18
322,0,0,203,0,974,800,,29.59
302,0,0,203,0,974,817,,21.75
397,0,0,185,0,1040,734,,39.09
480,0,0,192,0,936,721,,24.39
522,0,0,146,0,896,896,,50.51
522,0,0,146,0,896,896,,74.99
273,105,82,210,9,904,680,,37.17
162,190,148,179,19,838,741,,33.76
154,144,112,220,10,923,658,,16.5
147,115,89,202,9,860,829,,19.99
152,178,139,168,18,944,695,,36.35
310,143,111,168,22,914,651,,33.69
144,0,175,158,18,943,844,,15.42
304,140,0,214,6,895,722,,33.42
374,0,0,190,7,1013,730,,39.05
159,149,116,175,15,953,720,,27.68
153,239,0,200,6,1002,684,,26.86
310,143,0,168,10,914,804,,45.3
305,0,100,196,10,959,705,,30.12
151,0,184,167,12,991,772,,15.57
142,167,130,174,11,883,785,,44.61
298,137,107,201,6,878,655,,53.52
321,164,0,190,5,870,774,,57.21
366,187,0,191,7,824,757,,65.91
280,129,100,172,9,825,805,,52.82
252,97,76,194,8,835,821,,33.4
165,0,150,182,12,1023,729,,18.03
156,243,0,180,11,1022,698,,37.36
160,188,146,203,11,829,710,,32.84
298,0,107,186,6,879,815,,42.64
318,0,126,210,6,861,737,,40.06
287,121,94,188,9,904,696,,41.94
326,166,0,174,9,882,790,,61.23
356,0,142,193,11,801,778,,40.87
132,207,161,179,5,867,736,,33.3
322,149,0,186,8,951,709,,52.42
164,0,200,181,13,849,846,,15.09
314,0,113,170,10,925,783,,38.46
321,0,128,182,11,870,780,,37.26
140,164,128,237,6,869,656,,35.23
288,121,0,177,7,908,829,,42.13
298,0,107,210,11,880,744,,31.87
265,111,86,195,6,833,790,,41.54
160,250,0,168,12,1049,688,,39.45
166,260,0,183,13,859,827,,37.91
276,116,90,180,9,870,768,,44.28
322,0,116,196,10,818,813,,31.18
149,139,109,193,6,892,780,,23.69
159,187,0,176,11,990,789,,32.76
261,100,78,201,9,864,761,,32.4
237,92,71,247,6,853,695,,28.63
313,0,113,178,8,1002,689,,36.8
155,183,0,193,9,1047,697,,18.28
146,230,0,202,3,827,872,,33.06
296,0,107,221,11,819,778,,31.42
133,210,0,196,3,949,795,,31.03
313,145,0,178,8,867,824,,44.39
152,0,112,184,8,992,816,,12.18
153,145,113,178,8,1002,689,,25.56
140,133,103,200,7,916,753,,36.44
149,236,0,176,13,847,893,,32.96
300,0,120,212,10,878,728,,23.84
153,145,113,178,8,867,824,,26.23
148,0,137,158,16,1002,830,,17.95
326,0,138,199,11,801,792,,40.68
153,145,0,178,8,1000,822,,19.01
262,111,86,195,5,895,733,,33.72
158,0,195,220,11,898,713,,8.54
151,0,185,167,16,1074,678,,13.46
273,0,90,199,11,931,762,,32.24
149,118,92,183,7,953,780,,23.52
143,169,143,191,8,967,643,,29.72
260,101,78,171,10,936,763,,49.77
313,161,0,178,10,917,759,,52.44
284,120,0,168,7,970,794,,40.93
336,0,0,182,3,986,817,,44.86
145,0,134,181,11,979,812,,13.2
150,237,0,174,12,1069,675,,37.43
144,170,133,192,8,814,805,,29.87
331,170,0,195,8,811,802,,56.61
155,0,143,193,9,1047,697,,12.46
155,183,0,193,9,877,868,,23.79
135,0,166,180,10,961,805,,13.29
266,112,87,178,10,910,745,,39.42
314,145,113,179,8,869,690,,46.23
313,145,0,127,8,1000,822,,44.52
146,173,0,182,3,986,817,,23.74
144,136,106,178,7,941,774,,26.14
148,0,182,181,15,839,884,,15.52
277,117,91,191,7,946,666,,43.57
298,0,107,164,13,953,784,,35.86
313,145,0,178,8,1002,689,,41.05
155,184,143,194,9,880,699,,28.99
289,134,0,195,6,924,760,,46.24
148,175,0,171,2,1000,828,,26.92
145,0,179,202,8,824,869,,10.54
313,0,0,178,8,1000,822,,25.1
136,162,126,172,10,923,764,,29.07
155,0,143,193,9,877,868,,9.74
255,99,77,189,6,919,749,,33.8
162,207,172,216,10,822,638,,39.84
136,196,98,199,6,847,783,,26.97
164,163,128,197,8,961,641,,27.23
162,214,164,202,10,820,680,,30.65
157,214,152,200,9,819,704,,33.05
149,153,194,192,8,935,623,,24.58
135,105,193,196,6,965,643,,21.91
159,209,161,201,7,848,669,,30.88
144,15,195,176,6,1021,709,,15.34
154,174,185,228,7,845,612,,24.34
167,187,195,185,7,898,636,,23.89
184,86,190,213,6,923,623,,22.93
156,178,187,221,7,854,614,,29.41
236.9,91.7,71.5,246.9,6,852.9,695.4,,28.63
313.3,0,113,178.5,8,1001.9,688.7,,36.8
154.8,183.4,0,193.3,9.1,1047.4,696.7,,18.29
145.9,230.5,0,202.5,3.4,827,871.8,,32.72
296,0,106.7,221.4,10.5,819.2,778.4,,31.42
133.1,210.2,0,195.7,3.1,949.4,795.3,,28.94
313.3,145,0,178.5,8,867.2,824,,40.93
151.6,0,111.9,184.4,7.9,992,815.9,,12.18
153.1,145,113,178.5,8,1001.9,688.7,,25.56
139.9,132.6,103.3,200.3,7.4,916,753.4,,36.44
149.5,236,0,175.8,12.6,846.8,892.7,,32.96
299.8,0,119.8,211.5,9.9,878.2,727.6,,23.84
153.1,145,113,178.5,8,867.2,824,,26.23
148.1,0,136.6,158.1,16.1,1001.8,830.1,,17.96
326.5,0,137.9,199,10.8,801.1,792.5,,38.63
152.7,144.7,0,178.1,8,999.7,822.2,,19.01
261.9,110.5,86.1,195.4,5,895.2,732.6,,33.72
158.4,0,194.9,219.7,11,897.7,712.9,,8.54
150.7,0,185.3,166.7,15.6,1074.5,678,,13.46
272.6,0,89.6,198.7,10.6,931.3,762.2,,32.25
149,117.6,91.7,182.9,7.1,953.4,780.3,,23.52
143,169.4,142.7,190.7,8.4,967.4,643.5,,29.73
259.9,100.6,78.4,170.6,10.4,935.7,762.9,,49.77
312.9,160.5,0,177.6,9.6,916.6,759.5,,52.45
284,119.7,0,168.3,7.2,970.4,794.2,,40.93
336.5,0,0,181.9,3.4,985.8,816.8,,44.87
144.8,0,133.6,180.8,11.1,979.5,811.5,,13.2
150,236.8,0,173.8,11.9,1069.3,674.8,,37.43
143.7,170.2,132.6,191.6,8.5,814.1,805.3,,29.87
330.5,169.6,0,194.9,8.1,811,802.3,,56.62
154.8,0,142.8,193.3,9.1,1047.4,696.7,,12.46
154.8,183.4,0,193.3,9.1,877.2,867.7,,23.79
134.7,0,165.7,180.2,10,961,804.9,,13.29
266.2,112.3,87.5,177.9,10.4,909.7,744.5,,39.42
314,145.3,113.2,178.9,8,869.1,690.2,,46.23
312.7,144.7,0,127.3,8,999.7,822.2,,44.52
145.7,172.6,0,181.9,3.4,985.8,816.8,,23.74
143.8,136.3,106.2,178.1,7.5,941.5,774.3,,26.15
148.1,0,182.1,181.4,15,838.9,884.3,,15.53
277,116.8,91,190.6,7,946.5,665.6,,43.58
298.1,0,107.5,163.6,12.8,953.2,784,,35.87
313.3,145,0,178.5,8,1001.9,688.7,,41.05
155.2,183.9,143.2,193.8,9.2,879.6,698.5,,28.99
289,133.7,0,194.9,5.5,924.1,760.1,,46.25
147.8,175.1,0,171.2,2.2,1000,828.5,,26.92
145.4,0,178.9,201.7,7.8,824,868.7,,10.54
312.7,0,0,178.1,8,999.7,822.2,,25.1
136.4,161.6,125.8,171.6,10.4,922.6,764.4,,29.07
154.8,0,142.8,193.3,9.1,877.2,867.7,,9.74
255.3,98.8,77,188.6,6.5,919,749.3,,33.8
272.8,105.1,81.8,209.7,9,904,679.7,,37.17
162,190.1,148.1,178.8,18.8,838.1,741.4,,33.76
153.6,144.2,112.3,220.1,10.1,923.2,657.9,,16.5
146.5,114.6,89.3,201.9,8.8,860,829.5,,19.99
151.8,178.1,138.7,167.5,18.3,944,694.6,,36.35
309.9,142.8,111.2,167.8,22.1,913.9,651.2,,38.22
143.6,0,174.9,158.4,17.9,942.7,844.5,,15.42
303.6,139.9,0,213.5,6.2,895.5,722.5,,33.42
374.3,0,0,190.2,6.7,1013.2,730.4,,39.06
158.6,148.9,116,175.1,15,953.3,719.7,,27.68
152.6,238.7,0,200,6.3,1001.8,683.9,,26.86
310,142.8,0,167.9,10,914.3,804,,45.3
304.8,0,99.6,196,9.8,959.4,705.2,,30.12
150.9,0,183.9,166.6,11.6,991.2,772.2,,15.57
141.9,166.6,129.7,173.5,10.9,882.6,785.3,,44.61
297.8,137.2,106.9,201.3,6,878.4,655.3,,53.52
321.3,164.2,0,190.5,4.6,870,774,,57.22
366,187,0,191.3,6.6,824.3,756.9,,65.91
279.8,128.9,100.4,172.4,9.5,825.1,804.9,,52.83
252.1,97.1,75.6,193.8,8.3,835.5,821.4,,33.4
164.6,0,150.4,181.6,11.7,1023.3,728.9,,18.03
155.6,243.5,0,180.3,10.7,1022,697.7,,37.36
160.2,188,146.4,203.2,11.3,828.7,709.7,,35.31
298.1,0,107,186.4,6.1,879,815.2,,42.64
317.9,0,126.5,209.7,5.7,860.5,736.6,,40.06
287.3,120.5,93.9,187.6,9.2,904.4,695.9,,43.8
325.6,166.4,0,174,8.9,881.6,790,,61.24
355.9,0,141.6,193.3,11,801.4,778.4,,40.87
132,206.5,160.9,178.9,5.5,866.9,735.6,,33.31
322.5,148.6,0,185.8,8.5,951,709.5,,52.43
164.2,0,200.1,181.2,12.6,849.3,846,,15.09
313.8,0,112.6,169.9,10.1,925.3,782.9,,38.46
321.4,0,127.9,182.5,11.5,870.1,779.7,,37.27
139.7,163.9,127.7,236.7,5.8,868.6,655.6,,35.23
288.4,121,0,177.4,7,907.9,829.5,,42.14
298.2,0,107,209.7,11.1,879.6,744.2,,31.88
264.5,111,86.5,195.5,5.9,832.6,790.4,,41.54
159.8,250,0,168.4,12.2,1049.3,688.2,,39.46
166,259.7,0,183.2,12.7,858.8,826.8,,37.92
276.4,116,90.3,179.6,8.9,870.1,768.3,,44.28
322.2,0,115.6,196,10.4,817.9,813.4,,31.18
148.5,139.4,108.6,192.7,6.1,892.4,780,,23.7
159.1,186.7,0,175.6,11.3,989.6,788.9,,32.77
260.9,100.5,78.3,200.6,8.6,864.5,761.5,,32.4
